project,hash,date,contributed_cves,contributing
Slowpoke/Conversations,df9dcb1060d44a719e2892446b62cde884a880cf,2014-01-24 23:58:51+01:00,0,0
Slowpoke/Conversations,76cfab03ec712173ba37a98306c448f5930f0474,2014-01-28 23:15:30+01:00,0,0
Slowpoke/Conversations,53d9c9997a508985f0e19aba928bfa25c80ba23e,2014-02-01 15:07:20+01:00,0,0
Slowpoke/Conversations,4fd8620c6cc1ca88c4496671e6e59c40aba93019,2014-02-04 21:44:16+01:00,0,0
Slowpoke/Conversations,cda1c2c3a12b4c18f13771dd4b58aab6e465176b,2014-02-07 02:57:36+01:00,0,0
Slowpoke/Conversations,c31101dd6458225a007466a3d58a2f4b591c684f,2014-02-09 00:47:11+01:00,0,0
Slowpoke/Conversations,4a963d6f5047705cb635924cf35b523f6cd6ba6b,2014-02-09 01:00:23+01:00,0,0
Slowpoke/Conversations,962263e6e65b327cca64a443649f3490b0df3a31,2014-02-10 23:12:11+01:00,0,0
Slowpoke/Conversations,42c4c1789a75c87b67c38ef9ca3f57ddd10f0548,2014-02-13 23:40:08+01:00,0,0
Slowpoke/Conversations,746f9591553a5373e8ce1211ed066cbbf6a31cb5,2014-02-19 01:35:23+01:00,0,0
Slowpoke/Conversations,94ab61d5c0b060e2aea5caf58ac06864f980956b,2014-02-19 08:21:33+01:00,0,0
Slowpoke/Conversations,37d1a5380634471b11c828cf265d4a39e818a1c1,2014-02-28 00:22:56+01:00,0,0
Slowpoke/Conversations,79ec8b2e8128a1dc1d7d0962ce99e91fdaff8b98,2014-03-04 04:36:19+01:00,0,0
Slowpoke/Conversations,999b9691cb83b0acff1c4656478483686f05d088,2014-03-05 21:04:11+01:00,0,0
Slowpoke/Conversations,e4f61da07924e9440cde5b92c4364b1310c64ce5,2014-03-06 00:00:16+01:00,0,0
Slowpoke/Conversations,2f0b2b865e4ec1b34d37120f085a9841ea11d1ed,2014-03-06 03:30:03+01:00,0,0
Slowpoke/Conversations,c666b086d6be3d993b0b9c52a6aab916cd6942ab,2014-03-06 20:00:46+01:00,0,0
Slowpoke/Conversations,3bb5fcb3ca3586f2c641e0810ba0e019604ad7e4,2014-03-07 14:24:33+01:00,0,0
Slowpoke/Conversations,93d11b3c99be49fdd2faa0e90db45b3360720e6a,2014-03-07 20:22:26+01:00,0,0
Slowpoke/Conversations,100059b530ad80f20a98c29af57c88d29c4eeabf,2014-03-07 20:36:04+01:00,0,0
Slowpoke/Conversations,cd89b4bfac3a43593384aff2d23ff8084c096c75,2014-03-08 02:16:50+01:00,0,0
Slowpoke/Conversations,fbd25c8129636219142b3b9bef6b794c269ea4bb,2014-03-08 04:18:58+01:00,0,0
Slowpoke/Conversations,05386b5052b29d47e7be2a5acc52fc524862e5a8,2014-03-09 13:20:40+01:00,0,0
Slowpoke/Conversations,baf0d6478750bb59e3f883fb7f814a92f27b8a29,2014-03-09 13:21:28+01:00,0,0
Slowpoke/Conversations,11a8a747e37cc643d19855271ede5a9ad752f71d,2014-03-11 16:49:42+01:00,0,0
Slowpoke/Conversations,eec39066928c65bc7d2a36913ec21f83c5a763b6,2014-03-13 04:32:19+01:00,0,0
Slowpoke/Conversations,53fa87b414b87de73a79f0e60aa1a4d7d21c3dc9,2014-03-13 13:28:16+01:00,0,0
Slowpoke/Conversations,9c811f8fb20b056ea12803e93e5ea20dc052bdcd,2014-03-13 21:37:27+01:00,0,0
Slowpoke/Conversations,03f9f6e54dc25ab2fa9b7d9e36be51e05ce726be,2014-03-13 22:14:05+01:00,0,0
Slowpoke/Conversations,8f9712c64e712108ac3e25b28de4646b7454f52d,2014-03-15 00:19:42+01:00,0,0
Slowpoke/Conversations,8cd59bb944ed9373eb04420a32f3b7cfce0a8956,2014-03-15 15:13:35+01:00,0,0
Slowpoke/Conversations,6be2a08f19f07e9db5da3e644c8d62102fdd27e7,2014-03-19 16:16:40+01:00,0,0
Slowpoke/Conversations,b6ea028a9d2ceed5da7aa15e68c56cfd91291e94,2014-03-20 15:49:53+01:00,0,0
Slowpoke/Conversations,bbfe102e91a4c708134228ce195497f8fe6446ff,2014-03-21 19:58:47+01:00,0,0
Slowpoke/Conversations,ee1c9e611b011495f1587f5d07c464650b5749d5,2014-03-21 23:09:14+01:00,0,0
Slowpoke/Conversations,39c651a236de186e38f27a6316faa1b9b9b12704,2014-03-25 18:38:20+01:00,0,0
Slowpoke/Conversations,f99887d7cad3cdc0bd0df7be59e65cf63675bb4e,2014-03-27 11:03:10+01:00,0,0
Slowpoke/Conversations,592068e7cf06efa4803530e6ae55ea102dd7330c,2014-03-27 14:41:01+01:00,0,0
Slowpoke/Conversations,9fa95f50ae2dca51308245038a1d50b3ab8a09bd,2014-03-27 16:18:34+01:00,0,0
Slowpoke/Conversations,a649310fe267b791461e62c3abf0a01836dde23c,2014-03-28 14:48:11+01:00,0,0
Slowpoke/Conversations,38efb84690f5ed46ad34b0a5cb27e63da73394bd,2014-03-28 19:00:01+01:00,0,0
Slowpoke/Conversations,6bb7764d723f6fcaba7ec5e85d8404e28ca52fda,2014-03-31 09:45:39+02:00,0,0
Slowpoke/Conversations,d5cca3b3a48cfaed3008050fcab9574d97d771cc,2014-04-02 22:45:57+02:00,0,0
Slowpoke/Conversations,7d086eaf1a6a0b1d45e857eaf65ac53cd7a753e5,2014-04-03 10:05:32+02:00,0,0
Slowpoke/Conversations,921674b3f1585dde76d13f181abcfc6d49bd737d,2014-04-03 10:51:05+02:00,0,0
Slowpoke/Conversations,e5940630ea75a9f89e603c6b49f8eaac28693b5b,2014-04-03 11:12:20+02:00,0,0
Slowpoke/Conversations,9d2d853e1b3b1f167be16ffe53530cbe83790ad1,2014-04-03 14:25:54+02:00,0,0
Slowpoke/Conversations,2506ef82df6369fef71e00e891b2a2c69330ff94,2014-04-03 17:39:57+02:00,0,0
Slowpoke/Conversations,a0fc1c6c77aea1d99078706cf2bee1c5efd246a4,2014-04-03 22:28:37+02:00,0,0
Slowpoke/Conversations,c82c6251b8c48692bb929436aa7ff0449b9e86f3,2014-04-05 11:39:45+02:00,0,0
Slowpoke/Conversations,9fc7a1b980863955a139193ded0fef5edfbad296,2014-04-05 21:06:10+02:00,0,0
Slowpoke/Conversations,3f872ddc9f56255ac090260ec720b04a523cf695,2014-04-06 15:22:56+02:00,0,0
Slowpoke/Conversations,78bd6c423fa1a2b89322deb69a23b15ef3a72bcb,2014-04-07 23:58:59+02:00,0,0
Slowpoke/Conversations,51100ab48b94c55f8cce981c422e50a607f261ad,2014-04-11 09:13:56+02:00,0,0
Slowpoke/Conversations,c0e0a7086902a9d5cfbe88c4aa220abdf2ee3dde,2014-04-11 21:13:09+02:00,0,0
Slowpoke/Conversations,c2307337368e37fc3c7fec7d4b2e5cdf3be47212,2014-04-12 01:36:44+02:00,0,0
Slowpoke/Conversations,7dfe4ae0823238da216088f80de40b9ff6b1446d,2014-04-13 18:09:40+02:00,0,0
Slowpoke/Conversations,901ce085a7df579b9c8c402b8af59a7ce7233044,2014-04-13 20:41:06+02:00,0,0
Slowpoke/Conversations,132689376cd3709bf25f949292bef81f496c4f37,2014-04-13 20:44:17+02:00,0,0
Slowpoke/Conversations,e4f9a38c762e18fc8fbaaf03f35465d371b2b1cb,2014-04-13 20:46:29+02:00,0,0
Slowpoke/Conversations,802c21a7937e96f48eea27eb5f662816bcaf86ec,2014-04-14 02:22:03+02:00,0,0
Slowpoke/Conversations,e29ce19f202e535f44098f280650ad892c943e52,2014-04-16 19:48:04+02:00,0,0
Slowpoke/Conversations,8cc72b5a56569803296bf8970a06a4706fadd0e1,2014-04-18 09:32:17+02:00,0,0
Slowpoke/Conversations,7299fe7c8bd0f088c86371c7bec30fac3bdabd79,2014-04-19 02:58:34+02:00,0,0
Slowpoke/Conversations,9a8e55acd16c10335f74eea5b7ad4e2a864e2ec4,2014-04-22 18:46:40+02:00,0,0
Slowpoke/Conversations,bf2d0d5596a08872230056d056241ee906962171,2014-04-25 16:24:56+02:00,0,0
Slowpoke/Conversations,69428400610f9eabf47635107aa0be9eda03ca71,2014-04-25 23:09:15+02:00,0,0
Slowpoke/Conversations,82bccedf7001d08c6ee93dc713a94434ed2f7ab4,2014-05-02 12:02:18+02:00,0,0
Slowpoke/Conversations,794f9d6cc8242c133021482212b22050232121fb,2014-05-02 21:21:56+02:00,0,0
Slowpoke/Conversations,f7033cb7e06740576d23e1f8fbf473db337e13fe,2014-05-03 18:47:53+02:00,0,0
Slowpoke/Conversations,14dd8cc0789de0d0518038b5d0410b7f751b207a,2014-05-07 16:31:28+02:00,0,0
Slowpoke/Conversations,0ed29c1c77c065d73af5c9f1d7769c6c1a1a9c6f,2014-05-08 14:23:09+02:00,0,0
Slowpoke/Conversations,8632954e61c11bfa32cc192f0dcd4d3b2a72c7f0,2014-05-10 11:03:32+02:00,0,0
Slowpoke/Conversations,3455d10a4a87916bfe5da52ca9c401dafa8d5155,2014-05-12 14:59:46+02:00,0,0
Slowpoke/Conversations,f38c7b22fd2ed89960ceb4611f11fc308b858e15,2014-05-13 11:23:11+02:00,0,0
Slowpoke/Conversations,7e667319607aa5ed9fd2a2aa1573c40ffae3a613,2014-05-13 14:49:09+02:00,0,0
Slowpoke/Conversations,84e79040df5cae9f1c32e7a8055d8fd4b0dce531,2014-05-13 15:37:11+02:00,0,0
Slowpoke/Conversations,a1a90a03e042656e69d11c9989830ade5d14827d,2014-05-13 17:42:23+02:00,0,0
Slowpoke/Conversations,81d2760505c2bc153a50238af1a2ea6cd505eec1,2014-05-14 12:56:34+02:00,0,0
Slowpoke/Conversations,84a462064969b2066f90e3559ef6a410c2e781e9,2014-05-17 10:04:57+02:00,0,0
Slowpoke/Conversations,736e09fbb56fbdc4aca4e9bdc9875a5df60cb562,2014-05-17 19:21:16+02:00,0,0
Slowpoke/Conversations,8f92d8d109e2d62816c5d3fe1b9d21ab4802ccc8,2014-05-20 10:48:07+02:00,0,0
Slowpoke/Conversations,13f9f23946a1e8260b92c6006d0f7981fff8d35c,2014-05-20 11:05:03+02:00,0,0
Slowpoke/Conversations,7f0efa089f65df73cddd3018b5c5885d8e54c71f,2014-05-20 22:52:57+02:00,0,0
Slowpoke/Conversations,0de9d57420e74282b09b7963017137fd32c98876,2014-05-21 16:43:19+02:00,0,0
Slowpoke/Conversations,1db807ef585ef19f96038aeea72acfeada901e66,2014-05-21 22:22:36+02:00,0,0
Slowpoke/Conversations,655565ecccc722ad72e2dbad247d67dbc1b2a911,2014-05-22 20:54:54+02:00,0,0
Slowpoke/Conversations,a0dde05ee59058bfd71968eb4072aaaa9be5c090,2014-05-23 10:54:40+02:00,0,0
Slowpoke/Conversations,7f825f802704a8d1103a667550ce5223ac270956,2014-05-24 11:17:55+02:00,0,0
Slowpoke/Conversations,a0d21211e1ecbcba070b29011cc854f4de23fd46,2014-05-26 18:44:26+02:00,0,0
Slowpoke/Conversations,0edfd3619530f3ded673746d252b766c3001134e,2014-05-30 23:41:44-04:00,0,0
Slowpoke/Conversations,04977aedc4e05f095abf1764b70949f5ab1794c7,2014-05-31 11:07:55-04:00,0,0
Slowpoke/Conversations,32a21e1ab94b625e99c125779a03ea29690f9533,2014-06-01 19:08:42+02:00,0,0
Slowpoke/Conversations,236453295c7016473a34526e7230c57135331e9d,2014-06-01 19:53:36+02:00,0,0
Slowpoke/Conversations,2f2aa7aa21ef1dc9e465776991bac1c0c1899c3a,2014-06-04 11:55:38+02:00,0,0
Slowpoke/Conversations,476ab656ef0a50b081d92750b8b4251652ef4624,2014-06-06 18:26:40+02:00,0,0
Slowpoke/Conversations,ea8f3a26758ef4e65b3a41d1241fadba626b83e9,2014-06-07 13:25:27+02:00,0,0
Slowpoke/Conversations,899da6155561a43e51f62bdf7ccab657c02522f3,2014-06-13 11:16:52+02:00,0,0
Slowpoke/Conversations,471ed7838a8ef3cbb0e13c2aa1c777ca66372247,2014-06-14 10:29:26+02:00,0,0
Slowpoke/Conversations,30a0be299809613eb61a720c78f86af7bde44a94,2014-06-15 12:01:46+02:00,0,0
Slowpoke/Conversations,fafc5306d7856cb258dcacecf91366dfedf85f92,2014-06-22 17:24:47+02:00,0,0
Slowpoke/Conversations,996bee88364fb7fcbee7b9090d2bc6a91931205a,2014-06-23 16:01:51+02:00,0,0
Slowpoke/Conversations,c57b0d3ef4939c60ec670dd4ff39c4c247334ce5,2014-06-23 20:56:38+02:00,0,0
Slowpoke/Conversations,b0a3c717d21ffc0c17aa123c171cce29e01d2884,2014-06-25 17:06:20+02:00,0,0
Slowpoke/Conversations,5db04a37bd5b7acc41a8f2dad941fabd9a6a97e8,2014-06-25 17:32:58+02:00,0,0
Slowpoke/Conversations,121fb58d5e6892c4fd62ac8da90ba45b28e1aafc,2014-06-30 12:01:43+02:00,0,0
Slowpoke/Conversations,9260ed404750d7e718e12535030104ff4debda68,2014-06-30 20:39:15+02:00,0,0
Slowpoke/Conversations,2738d834b450e1c0bfd2756ea2ab1900cc3aae59,2014-07-01 13:31:14+02:00,0,0
Slowpoke/Conversations,6028bf4ee246eab124ff52f410aa24938082bb8c,2014-07-01 14:53:39+02:00,0,0
Slowpoke/Conversations,99eb1743e3eb94f85ec0eddeaec81245a9ffed08,2014-07-04 16:13:52+02:00,0,0
Slowpoke/Conversations,d4ce42ac849cbf2c5313bc667c8dc8ae778cc29f,2014-07-04 16:25:02+02:00,0,0
Slowpoke/Conversations,da0b4261252b44af793523864d1185cdedd8d3c4,2014-07-08 11:42:08+02:00,0,0
Slowpoke/Conversations,355a6d172371fecadff12d5b4853a1f36b35a01f,2014-07-10 23:49:34+02:00,0,0
Slowpoke/Conversations,e7a0040ec5423c92128f394d0655cbfa5889082e,2014-07-11 13:52:27+02:00,0,0
Slowpoke/Conversations,610df2eddc06d9b7cbe0157a2f101eb9eaef76d0,2014-07-11 19:48:41+02:00,0,0
Slowpoke/Conversations,c512d98b7495ff3f48357f29ecccc91be59bd189,2014-07-12 12:28:28+02:00,0,0
Slowpoke/Conversations,4e910eee5945b45004a161ac53bce40274783c91,2014-07-12 17:08:01+02:00,0,0
Slowpoke/Conversations,6031af86062757f86701e08962aa86121877fbf4,2014-07-14 17:13:59+02:00,0,0
Slowpoke/Conversations,fc5143734e2e90e11a493d64cd0007d8a3c238a0,2014-07-15 19:41:58+02:00,0,0
Slowpoke/Conversations,177e802a77b30ae5e703f93f36da4a35d7720a05,2014-07-15 20:41:32+02:00,0,0
Slowpoke/Conversations,0ec1c022b9b193654e5ecdf6d9a8b3ba10d19ee9,2014-07-16 12:42:44+02:00,0,0
Slowpoke/Conversations,38a9242955704232039272fd8b6011d47622495d,2014-07-17 00:03:37+02:00,0,0
Slowpoke/Conversations,6b74c0594e95dcedfdbeeb33ef7bdd8b52c1093e,2014-07-18 12:44:33+02:00,0,0
Slowpoke/Conversations,4307b1de723a5ec28610580ad04bb7cb327b264c,2014-07-18 15:35:31+02:00,0,0
Slowpoke/Conversations,cb0a87d7ff1841dda9593fdda76fa08145893904,2014-07-20 03:14:07+02:00,0,0
Slowpoke/Conversations,2fe20ffa8e8cfdb6b089e034c4f02010a7c740e6,2014-07-21 16:16:09+02:00,0,0
Slowpoke/Conversations,b223784560be1804163fe6bec02aba02b2093b41,2014-07-21 19:54:26+02:00,0,0
Slowpoke/Conversations,e3ebccc76213beba3bfe692d42533ae99726278c,2014-07-21 19:55:00+02:00,0,0
Slowpoke/Conversations,34dafc24af0e6e3d16a6169fd6e981e4535c23be,2014-07-21 20:30:51+02:00,0,0
Slowpoke/Conversations,2345398652d03cdecf10f548cd71d982adf07995,2014-07-22 16:55:30+02:00,0,0
Slowpoke/Conversations,4607e2c546fec78d7ae0ca8ce779a2267e6edbe2,2014-07-22 17:27:44+02:00,0,0
Slowpoke/Conversations,7ee2ef5233b832fd419455ab78a26dff33a5da21,2014-07-24 01:04:25+02:00,0,0
Slowpoke/Conversations,deab99c997465d4079dfb57abdd5f80034506f9f,2014-07-24 01:37:38+02:00,0,0
Slowpoke/Conversations,4c90bd9b4686f63b3d13270a58448063aade82b3,2014-07-27 22:31:33+02:00,0,0
Slowpoke/Conversations,52643ac88cec6c1acce712f4e3d5196b0d9da971,2014-07-28 14:11:08+02:00,0,0
Slowpoke/Conversations,861af75576385b030e4fe64e0410a2b36bcb0ed2,2014-07-28 14:15:08+02:00,0,0
Slowpoke/Conversations,88e5713a802b5061f8b35304342baef0280c6092,2014-07-30 21:26:33+02:00,0,0
Slowpoke/Conversations,27b306444bf11ca214e3fed7b54745bb323b31a9,2014-07-31 13:26:05+02:00,0,0
Slowpoke/Conversations,daab16bdef2f24f57d117efaa0144c578c883a6b,2014-08-03 20:28:13+02:00,0,0
Slowpoke/Conversations,629ff3afcdba5e6721a1b63cd0d497d97e3bdbed,2014-08-03 20:42:05+02:00,0,0
Slowpoke/Conversations,2b4d9e8b60bdec97cbeedf070188efd6380e2332,2014-08-06 18:36:33+02:00,0,0
Slowpoke/Conversations,6de53791b5db4513f662dabbdfe83db29eb4d666,2014-08-10 14:04:59+02:00,0,0
Slowpoke/Conversations,f247abc2dc1aa7d19c8cd616f4654fc3a8d8109d,2014-08-11 13:46:32+02:00,0,0
Slowpoke/Conversations,6bec5eedde31bacbafcb541a728719eeff99d3b7,2014-08-11 17:19:23+02:00,0,0
Slowpoke/Conversations,5e8b05c31bce77e113752136a9d4ea32ed20d6ce,2014-08-12 18:31:14+02:00,0,0
Slowpoke/Conversations,a4faa158c0c8f92f9f430c8daa931f16b4f2a58d,2014-08-13 11:21:33+02:00,0,0
Slowpoke/Conversations,f7c747ef4b496df77388872c750bf95100991c76,2014-08-15 13:34:55+02:00,0,0
Slowpoke/Conversations,38f36aa2631f863d927f417b3758eb7969b31111,2014-08-16 17:31:53+02:00,0,0
Slowpoke/Conversations,7f5456e41bd2081ca6034b81a8d744751e0c3d0c,2014-08-21 07:46:55+02:00,0,0
Slowpoke/Conversations,ee9872277dd83e3109633bd7b59a962555e663b5,2014-08-23 15:56:30+02:00,0,0
Slowpoke/Conversations,07b422d4c8fa02cf72ae21c324ca41b58835749c,2014-08-25 15:43:50+02:00,0,0
Slowpoke/Conversations,9eafb1008676747a3ff315fb820178641c7b09f3,2014-08-30 09:26:01+02:00,0,0
Slowpoke/Conversations,ec6220969d362195630c17ec472bcb225838e9ae,2014-08-30 14:26:46+04:00,0,0
Slowpoke/Conversations,d15482c22a17c4d07b993d8e576dcb953620ee4b,2014-08-30 15:19:43+02:00,0,0
Slowpoke/Conversations,28fa48704d4084617d7e32e4a10f785c4b996163,2014-08-31 17:48:00+02:00,0,0
Slowpoke/Conversations,3558fa5f5bcbf73ecb5c8174b208ac0c36e708b1,2014-08-31 21:02:14+02:00,0,0
Slowpoke/Conversations,5b24534ab6a0ee6ff0d54ccfd9c16b795ead44a3,2014-08-31 23:14:05+04:00,0,0
Slowpoke/Conversations,2acf510ea97666919ac066a2bf312f47a386ac56,2014-09-01 10:40:45+02:00,0,0
Slowpoke/Conversations,d42ea45b1c7356793aa55edf55baeaaf4cd3398f,2014-09-01 13:51:49+02:00,0,0
Slowpoke/Conversations,546082147ae161aa7568277db653655483cd745e,2014-09-01 23:48:42+02:00,0,0
Slowpoke/Conversations,f888b167c6c1568baffb33be17d230acac1dc63d,2014-09-02 11:19:05+02:00,0,0
Slowpoke/Conversations,2c9b2e6bf8dedf0a2a9eaae2d4eca1a3a251b00e,2014-09-02 11:26:56+02:00,0,0
Slowpoke/Conversations,0ae852a6331a06b169152084719c0692db05ac5d,2014-09-02 15:51:20+02:00,0,0
Slowpoke/Conversations,2b941d19f8cc9a517806a27d1ac976afbaa1677a,2014-09-03 15:33:44+02:00,0,0
Slowpoke/Conversations,0a2c73f2469fe359162b5c973f86ea2e409272ac,2014-09-03 17:44:38+02:00,0,0
Slowpoke/Conversations,6b9219c5f4b81172edafae31b705fec3ef56b3f6,2014-09-03 19:35:45+02:00,0,0
Slowpoke/Conversations,b334ebd0fa75da5dcc99353fd8af4e152f03436a,2014-09-07 12:43:01+02:00,0,0
Slowpoke/Conversations,19f98f5143059d48bfb1fac9b376acec9cf412b2,2014-09-08 12:46:48+02:00,0,0
Slowpoke/Conversations,58953e6193b25ca9fd7624954ef7cb986e43b3da,2014-09-08 13:37:22+02:00,0,0
Slowpoke/Conversations,3f77e5fa55d499352ce2d6e56a8c0b25af331f4c,2014-09-08 20:31:26+02:00,0,0
Slowpoke/Conversations,12b62adeca59e0f6dc2c04331fd65244dfc809f8,2014-09-11 16:22:33+02:00,0,0
Slowpoke/Conversations,73cba91c9b08ff512104897b32837f9824f1cd3e,2014-09-12 17:52:46+02:00,0,0
Slowpoke/Conversations,0d873903b8673681dbc1c2a2f00db290c9f4fc96,2014-09-12 20:14:19+02:00,0,0
Slowpoke/Conversations,00ff5c2dbd70174d52797d598c3c2d59a5b8e6a9,2014-09-13 14:02:14+02:00,0,0
Slowpoke/Conversations,b9e7f4870ca94e70c1072a9f3d28419184090471,2014-09-13 21:15:45+02:00,0,0
Slowpoke/Conversations,a86a09ab5b81f39c4d56c37af65e630539e85ffe,2014-09-20 15:49:25+02:00,0,0
Slowpoke/Conversations,0b86f65bdc8dfd979be752798b7cbc3c28317c53,2014-09-20 16:02:49+02:00,0,0
Slowpoke/Conversations,37aacbeb74919524138e5ab0d25f656f9a9f1b7d,2014-09-20 16:26:40+02:00,0,0
Slowpoke/Conversations,bb065020ff6145adf8fb2726928f11e0ea7140b6,2014-09-22 11:00:46+02:00,0,0
Slowpoke/Conversations,45aede14bd7d384e8adbcd6697ba39b1dcbf77b4,2014-09-22 13:23:35+02:00,0,0
Slowpoke/Conversations,2415781ebf6fdf8846baf8294c4b0c49310b5c79,2014-09-27 11:46:56+02:00,0,0
Slowpoke/Conversations,c8160b010d70aea41d4b6e00ed58563d6c195b1d,2014-09-29 17:59:53+02:00,0,0
Slowpoke/Conversations,4b09f0e9d3296b4b71d3b31c9102610cc8037d20,2014-10-02 17:36:02+02:00,0,0
Slowpoke/Conversations,131f2aad76a968814fe10c06a055d6526b30e70f,2014-10-03 16:33:45+02:00,0,0
Slowpoke/Conversations,18409946c638269d2c0b0b3f74d9f9f7258d7962,2014-10-03 19:24:10+02:00,0,0
Slowpoke/Conversations,79315bdd6136b3c45629c5281437bc9d223c1011,2014-10-04 14:32:11+02:00,0,0
Slowpoke/Conversations,315731b0cf9b15a5e749a7ea35b8770e4dc94e74,2014-10-06 19:28:15+02:00,0,0
Slowpoke/Conversations,919c98207bb317e2283084dcbaa34a5216997d85,2014-10-07 15:18:09+02:00,0,0
Slowpoke/Conversations,3737a96dbb517dc9d1e39d2b15cf8539cc752a45,2014-10-07 16:02:52+02:00,0,0
Slowpoke/Conversations,a42f0dd3bc08308e4035ce42c7fbc11f1824d329,2014-10-08 23:24:36+02:00,0,0
Slowpoke/Conversations,19fef19d5d6a9e8cb124def32b88cf104b87e80b,2014-10-10 16:46:13+02:00,0,0
Slowpoke/Conversations,c423da46b20fd723d37fcc17722ecbeb64050c80,2014-10-13 12:36:56+02:00,0,0
Slowpoke/Conversations,c18e986a93d7a36769b6fdecdcea154c7b3d2024,2014-10-14 16:25:59+02:00,0,0
Slowpoke/Conversations,d09739d1660efb6da17b47e94ca7cc667a4a1ba5,2014-10-15 02:09:20+02:00,0,0
Slowpoke/Conversations,c4b9d428616ba3efcea00a88158f12922d876e42,2014-10-16 10:02:47-04:00,0,0
Slowpoke/Conversations,c725da954c5b2c4a8dc7014f5468bc14ecb5a5f8,2014-10-16 23:31:48+02:00,0,0
Slowpoke/Conversations,8263e073362aed2ebfda910df8ddad1e84302db1,2014-10-19 23:42:53+02:00,0,0
Slowpoke/Conversations,0d767c39711f171d94d4682f355370d4bdd225ae,2014-10-21 14:57:16+02:00,0,0
Slowpoke/Conversations,45bdadd915ed0e0135de16876f9842b3401f1ac4,2014-10-22 00:25:28+02:00,0,0
Slowpoke/Conversations,c067bf96b032e1bef3b021df246dadccbb1b5fd7,2014-10-22 17:32:59+02:00,0,0
Slowpoke/Conversations,038f7afd88572c7038fc11d984c56b910d72e97e,2014-10-22 12:42:28-04:00,0,0
Slowpoke/Conversations,281ce3105fad5f012471cf3e5062a4032dfbc7a6,2014-10-22 15:44:55-04:00,0,0
Slowpoke/Conversations,d73a77643d7923cae0789c5ed9f6a2a4cf41385f,2014-10-23 21:27:41+02:00,0,0
Slowpoke/Conversations,8fb898541286d737491ac156e8b327b534d4e2a3,2014-10-24 19:30:03+02:00,0,0
Slowpoke/Conversations,7f484513bea3bae502aee90278dd5b2808f34266,2014-10-26 08:54:41-04:00,0,0
Slowpoke/Conversations,f45a841caff20692586e19933ed1571d3e6cbf21,2014-10-27 21:47:17+01:00,0,0
Slowpoke/Conversations,ccba01ef19e4febadc8e0f543b4958f33adbe8cf,2014-10-28 12:13:53-04:00,0,0
Slowpoke/Conversations,f256a466d812744937f50e4270bd915d34be536d,2014-10-28 17:15:35+01:00,0,0
Slowpoke/Conversations,64209829f779214ae7fc0c6ab35de4d006c745c4,2014-10-29 09:57:34+01:00,0,0
Slowpoke/Conversations,1b62d94093256493ec4dd7c4a6aa9ba137d5e338,2014-10-29 18:12:32+01:00,0,0
Slowpoke/Conversations,1ea2e7dc3b3f9080ab55e1712c737ae9685d7791,2014-11-01 14:33:34+01:00,0,0
Slowpoke/Conversations,39ae34d3e68a791fee6695c04eee2d86ae54dea0,2014-11-03 08:28:20-05:00,0,0
Slowpoke/Conversations,d458919c8f3e9ff968ed2df3b3492a07794aa477,2014-11-03 22:47:07+01:00,0,0
Slowpoke/Conversations,b824e55277cf4a4a9042dc0fe30d0cc8939445dc,2014-11-04 17:10:35+01:00,0,0
Slowpoke/Conversations,88c07936940353128dc7d446a9f14dbfbc3ce7c9,2014-11-04 18:52:29+01:00,0,0
Slowpoke/Conversations,55c81eaf15c4b950e71f553894efd1a54a434d49,2014-11-04 13:09:56-05:00,0,0
Slowpoke/Conversations,9db624ec7b6323c7e55aab6f8ec8489d1068fb5f,2014-11-06 14:49:39-05:00,0,0
Slowpoke/Conversations,1f5908b1d1dcc7da971659157dbab9345390768a,2014-11-06 14:57:49-05:00,0,0
Slowpoke/Conversations,014f5a195b84a02c44401acf4d99b29020a4951a,2014-11-07 21:49:31+01:00,0,0
Slowpoke/Conversations,e49c2b14edeb3a7a8954493bb033e3679cb7daad,2014-11-07 17:48:30-05:00,0,0
Slowpoke/Conversations,fc594e9b7302893f8ff0b27ae9db9a2f815a539a,2014-11-07 23:08:31-05:00,0,0
Slowpoke/Conversations,4d7bee2e38e8119fe0a0fca630db71ef1bf11db3,2014-11-09 10:51:54+01:00,0,0
Slowpoke/Conversations,7cfcf10f487a6b97231508963807039443da16f2,2014-11-09 07:20:08-05:00,0,0
Slowpoke/Conversations,87c4fd9050f76f4f17b61d96f71cc9f56edc724b,2014-11-09 16:18:53+01:00,0,0
Slowpoke/Conversations,180a0e44084752431d702677d68d06ae82524d33,2014-11-09 10:57:22-05:00,0,0
Slowpoke/Conversations,8740b55d37ce62e686afbf5d302fb49498ab6ab7,2014-11-10 19:23:54+01:00,0,0
Slowpoke/Conversations,e33fc26cbe4f60b78cd57e9d4ceff7b3f6e3a6a0,2014-11-10 22:03:23+01:00,0,0
Slowpoke/Conversations,d1bf9a3f6d63deaef28a1966e90c6ccd18275d30,2014-11-11 17:42:09+01:00,0,0
Slowpoke/Conversations,14cfb60952402a25cad6681552daed657cde8237,2014-11-12 10:15:38-05:00,0,0
Slowpoke/Conversations,0e550789d372a1a83caa432e93a4f969a0607c9a,2014-11-12 15:35:44-05:00,0,0
Slowpoke/Conversations,e6a4fa031b28437e0c237b3c23102f42f9b5c769,2014-11-13 14:27:10+01:00,0,0
Slowpoke/Conversations,2db569b20f0ec0468c70cc8c944eb181d00f103a,2014-11-13 14:44:19+01:00,0,0
Slowpoke/Conversations,17c2ed411d747f3206e0e4ea4cd7c4e8331f7d11,2014-11-13 14:44:19+01:00,0,0
Slowpoke/Conversations,dac12be53e18962c80fd471421adac29b5c92f06,2014-11-14 00:28:39+01:00,0,0
Slowpoke/Conversations,2bb68bcbba315aab90b85656c2b08b822a4fa296,2014-11-14 11:40:43-08:00,0,0
Slowpoke/Conversations,251f4d6d7f93da6d23c3422cf8eeece780789f45,2014-11-15 11:29:58-05:00,0,0
Slowpoke/Conversations,a463f82e3b4b1a01b171d1ae86feb58ab0f96e6d,2014-11-15 12:57:36-05:00,0,0
Slowpoke/Conversations,ac8c2b7e62343fdaaff3b018cb187962a655acf5,2014-11-16 12:11:14+01:00,0,0
Slowpoke/Conversations,5765a91db67590644fcc11e0cc10e6854412a2a1,2014-11-16 10:04:45-05:00,0,0
Slowpoke/Conversations,55957a77b38aae045d92d406680cceac08ab99a1,2014-11-17 09:19:11-05:00,0,0
Slowpoke/Conversations,e30e84c81909066b5adcaa0ca135049ce45b1356,2014-11-17 17:23:58+01:00,0,0
Slowpoke/Conversations,018a0c7978af7b9cf697ce031b24b8139888554c,2014-11-18 03:10:59+01:00,0,0
Slowpoke/Conversations,3e3767cb0604360a8997cd3a4dbaa8da37cf2821,2014-11-20 21:31:29+01:00,0,0
Slowpoke/Conversations,66abdfccd4f7e3117bc60434657bc005434ee3b4,2014-11-20 22:02:32+01:00,0,0
Slowpoke/Conversations,de0b36fc7866324a48f94f3e22ac89e4f43b9ff5,2014-11-21 13:42:25+01:00,0,0
Slowpoke/Conversations,888475d4fef98503c16e89b8796c9b18440ceb30,2014-11-21 15:25:57+01:00,0,0
Slowpoke/Conversations,febbefefa5c1008398d35fcbe6d6e235da37c24e,2014-11-21 19:37:50+01:00,0,0
Slowpoke/Conversations,afc673bb1506d2557201e856aabd12d4a78f193d,2014-11-29 07:50:59-05:00,0,0
Slowpoke/Conversations,3fc834c0674960b416d9adb270ed29ce500b2379,2014-12-02 09:16:09-05:00,0,0
Slowpoke/Conversations,4f9dd824577063eb25962d73a2c0069b31c92036,2014-12-02 10:09:31-05:00,0,0
Slowpoke/Conversations,ccdb0fd9717fcc79374b55e741bc03eb02fe526d,2014-12-09 21:41:49+01:00,0,0
Slowpoke/Conversations,2b958e51df8655d63b713efa10870c40bdc42856,2014-12-10 14:07:56+01:00,0,0
Slowpoke/Conversations,5cbae258084a5f77857c5f535451fe3b459ce0d1,2014-12-14 19:02:29+01:00,0,0
Slowpoke/Conversations,ab2187dbdfa048102dd6e38c73f35c518b90a526,2014-12-15 17:36:16+01:00,0,0
Slowpoke/Conversations,1a7ed4ed7c56bc0af70ebdaf67f71da9205f6afd,2014-12-17 07:12:38+01:00,0,0
Slowpoke/Conversations,80435eca5cda499e0319cc4b248bb807693c952d,2014-12-17 09:32:51+01:00,0,0
Slowpoke/Conversations,741a0c129d3558e9b9a714848a590a1f0a499799,2014-12-17 10:50:51+01:00,0,0
Slowpoke/Conversations,627982df90d83177578183d0e91cad0a748c4e4d,2014-12-19 13:40:16+01:00,0,0
Slowpoke/Conversations,e1cb72b9ef4d4bfb9d11fff68e296462405d6992,2014-12-22 10:50:29-05:00,0,0
Slowpoke/Conversations,193d2645e6995a2631a16c88c78e3b0b5581cbc6,2014-12-25 22:28:19+01:00,0,0
Slowpoke/Conversations,8d2f454479632465387d8d824a56bd46aa9397e5,2015-01-02 01:39:19+01:00,0,0
Slowpoke/Conversations,3df23a4f75263d17a4db95a9a4f8c26c0246962c,2015-01-02 14:27:49+01:00,0,0
Slowpoke/Conversations,0d6d09b7e97709f0978a5527454ab6bbd9ad9443,2015-01-04 15:40:09+01:00,0,0
Slowpoke/Conversations,562699c7458a2acda942b8a6fe7e0bed4032309c,2015-01-06 18:26:14+01:00,0,0
Slowpoke/Conversations,353f4e38bb065dacd8c8c16872b205aa0ca02f92,2015-01-06 18:44:08+01:00,0,0
Slowpoke/Conversations,d502e57661ecc63e09692add8ae3e7c0daf93b70,2015-01-07 00:59:42+01:00,0,0
Slowpoke/Conversations,8d655f445a37acff288e39ec237395d303b7c3a2,2015-01-07 18:34:24+01:00,0,0
Slowpoke/Conversations,061de5205e198eac51cf54af5fd9b2e4faebe4d2,2015-01-08 00:23:26+01:00,0,0
Slowpoke/Conversations,06eae476ee7e19029fe1ac28eae75fdcc1d4d1e6,2015-01-09 19:23:26+01:00,0,0
Slowpoke/Conversations,18eb18794988ab94979020060e9bee9fe7fd9b67,2015-01-10 23:10:32+01:00,0,0
Slowpoke/Conversations,3c5224251c1590f57e23ae339cb65cc8bdb54170,2015-01-11 10:22:29-05:00,0,0
Slowpoke/Conversations,d9c2fa39cd69fba4eb0a77b89d8b79c886f6ad42,2015-01-12 23:08:26-05:00,0,0
Slowpoke/Conversations,7d2a9624b56c0222e54a77b2b8b071ae9adde561,2015-01-13 11:52:41+01:00,0,0
Slowpoke/Conversations,0a96bec3c1d65c0d3da22511f3b92a21fd94ad0f,2015-01-14 15:28:27-05:00,0,0
Slowpoke/Conversations,20eb77035659a74e749962acd85146bbf03ce3f1,2015-01-14 22:43:43+01:00,0,0
Slowpoke/Conversations,6756386eee42e0bd7995c82be75a2179f8f61099,2015-01-18 13:44:18+01:00,0,0
Slowpoke/Conversations,7af588c8b3965c99a672727c7232cbdb7aa08330,2015-01-19 11:17:27+01:00,0,0
Slowpoke/Conversations,1e607d7b1b0accf03d0e170fe67d418dac7c2114,2015-01-19 12:15:27+01:00,0,0
Slowpoke/Conversations,04f46805823878924335d40268d69544af6f47bf,2015-01-20 22:53:45+01:00,0,0
Slowpoke/Conversations,00c74503abf508b92d8704ed503ab5480e7cf5a1,2015-01-21 16:18:38+01:00,0,0
Slowpoke/Conversations,cbebd14dbddcd4d09a929b9efa707d82661cea98,2015-01-23 22:28:10+01:00,0,0
Slowpoke/Conversations,29331e49b9fa97949e14f2a326b26c69a4ca3022,2015-01-25 16:29:26+01:00,0,0
Slowpoke/Conversations,f0d428a56d83e529825241510479aaed2ff9150b,2015-01-25 20:52:53+01:00,0,0
Slowpoke/Conversations,2a14a0d9b824c5e435928f0cf2d423444591b51c,2015-01-26 00:50:06+01:00,0,0
Slowpoke/Conversations,3c64839dafcbaaed9ee0f7ef01afe6516f49020b,2015-01-28 00:28:00+01:00,0,0
Slowpoke/Conversations,bd3fccd2dcb082cdc3f0d684ea66626f3d588f0b,2015-02-02 14:22:49+01:00,0,0
Slowpoke/Conversations,026be61b7290829899a685c119f8924550386494,2015-02-09 16:01:30+01:00,0,0
Slowpoke/Conversations,44ee7466816378eb4fc6b2bff2e4fa001c3b08a0,2015-02-10 17:13:34+01:00,0,0
Slowpoke/Conversations,e68c6a1b740928116cdb5cafa23a202302eefce3,2015-02-12 18:53:00+01:00,0,0
Slowpoke/Conversations,0485da8488c2e1a671bac3e80b990b9003c1cb91,2015-02-15 18:48:05+01:00,0,0
Slowpoke/Conversations,5aa600c63895dea110653192ae19c610228c2600,2015-02-16 00:58:31+01:00,0,0
Slowpoke/Conversations,4e14c89ff8d5d791b5dcbd4361356c86c7a4b475,2015-02-16 10:06:09+01:00,0,0
Slowpoke/Conversations,2e596c0bd4608feae238ece9edbb3ad5e7c436f4,2015-02-19 13:48:40+01:00,0,0
Slowpoke/Conversations,f26f6e9a00c740a7cfc8895f30d406c4409fb662,2015-02-19 14:36:52+01:00,0,0
Slowpoke/Conversations,da2da75756f835d6ce299c8c08860317fe747a5d,2015-02-22 13:24:29+01:00,0,0
Slowpoke/Conversations,f3be0d99cc4e59b784d6bebedd58c58829d94327,2015-02-27 17:04:13+01:00,0,0
Slowpoke/Conversations,ff86fa604903cd77fe26860be0cc256b5d1e04eb,2015-03-01 14:15:40+01:00,0,0
Slowpoke/Conversations,ac577fe4fd36e56ff492d588af5bb427b98d915e,2015-03-02 11:53:15+01:00,0,0
Slowpoke/Conversations,fb3740f07bc75a9b22ef767d995490941a083895,2015-03-04 00:57:34+01:00,0,0
Slowpoke/Conversations,f25a82461007f43c23960720d6d94d2db5c8c7f7,2015-03-05 15:46:33+01:00,0,0
Slowpoke/Conversations,cbca92d2099a9b3096b7ed6fbe0e5e8758f746fc,2015-03-06 22:22:50+01:00,0,0
Slowpoke/Conversations,87a048fe6f88739a381cecab973e1af12325ce16,2015-03-07 14:15:38+01:00,0,0
Slowpoke/Conversations,5132cd723476b6f612cf103b927e1fcf869cb039,2015-03-10 17:20:50+01:00,0,0
Slowpoke/Conversations,db6a63bcf6c100f24b90778c3d69e8b6cec31b16,2015-03-10 21:46:13+01:00,0,0
Slowpoke/Conversations,37d08276a866aa943bfb6022732618e9fc37653b,2015-04-11 14:53:10+02:00,0,0
Slowpoke/Conversations,f99e234b886d043968267323ccb4995f20ee4fa4,2015-04-14 15:53:50+02:00,0,0
Slowpoke/Conversations,d2c9bf31cd2a6b39f22ac3426015ecea73403315,2015-04-20 11:39:38+02:00,0,0
Slowpoke/Conversations,3a627f72fbc5f51efaf3d8723fc7ce883f2f6e83,2015-04-21 18:36:11+02:00,0,0
Slowpoke/Conversations,5ea1c547d5d956473d3bce83d1f4354c0936ac6f,2015-04-25 18:24:10+02:00,0,0
Slowpoke/Conversations,b1843fb61a3f3c52ec99e3239a62d1976355f88c,2015-04-28 09:35:10+02:00,0,0
Slowpoke/Conversations,d94c231a744900ca7a1297ffd0980536591d61f5,2015-04-28 16:25:32+02:00,0,0
Slowpoke/Conversations,e388c75452788160501735a965ada9003e2a7dcb,2015-05-04 05:49:28+02:00,0,0
Slowpoke/Conversations,b6f85ba0dd765e72a89a85461b3f8c48f038270c,2015-05-11 14:18:30+02:00,0,0
Slowpoke/Conversations,d261feda74ac3bd42d633d83264b14696276ade6,2015-05-15 05:14:15+02:00,0,0
Slowpoke/Conversations,b6a7e56bf667cfc0845ca0d50d88a77c43d9a27d,2015-05-15 13:58:11+02:00,0,0
Slowpoke/Conversations,78847d0749765b7c1e424a8a264d8f23a43170b0,2015-05-20 11:34:11+02:00,0,0
Slowpoke/Conversations,2364710afb345dfd797a1832c25b134fd34b0e29,2015-05-20 12:47:04+02:00,0,0
Slowpoke/Conversations,dc91ff8f291d4b142d28e77137a74dc8e7205149,2015-05-26 04:36:32+02:00,0,0
Slowpoke/Conversations,402e5363d1db774e5e244948a2f0e961b48bb0a7,2015-05-26 12:00:55+02:00,0,0
Slowpoke/Conversations,0f6f6adca0aa198eb78f88e4fc1b36a30ce8410c,2015-05-26 13:04:22+02:00,0,0
Slowpoke/Conversations,fe1cff016f3e1bccaf8287fb490380281cb13983,2015-06-02 13:33:20+02:00,0,0
Slowpoke/Conversations,5a48afdd4d44b5865831df470a2c5d00e9cc9599,2015-06-19 16:25:08+02:00,0,0
Slowpoke/Conversations,9eb9a522050589e60bc7c76b2b040b1dadb7fd1d,2015-06-28 11:19:07+02:00,0,0
Slowpoke/Conversations,46595b6d43679f17cb8e374b2120ab7889423555,2015-06-28 20:11:28+02:00,0,0
Slowpoke/Conversations,74026b742bd7e1d4b79fd839f887a0beb940b0dc,2015-06-29 13:53:39+02:00,0,0
Slowpoke/Conversations,c745fbb562b6f25cb57a06538b4c54fdfe619fa3,2015-07-02 23:51:59+02:00,0,0
Slowpoke/Conversations,6867b5c3abeeb5116a2542c56a706b733fd9cbf0,2015-07-05 22:53:34+02:00,0,0
Slowpoke/Conversations,491f623708437f418497ecace2876e9c81708e72,2015-07-07 19:27:12+02:00,0,0
Slowpoke/Conversations,7a962e51801cdf3e0ababc8f740a5d73afce0857,2015-07-07 19:30:08+02:00,0,0
Slowpoke/Conversations,968410ae33f7ed341868847f3fedbd03ebd54f2b,2015-07-07 19:32:52+02:00,0,0
Slowpoke/Conversations,3458f5bb9182ca99dd800e4cde21168323260da4,2015-07-08 17:44:24+02:00,0,0
Slowpoke/Conversations,bd29653a20768039778f3cbf75609772fb16de4d,2015-07-08 17:45:37+02:00,0,0
Slowpoke/Conversations,2628662a7f374dc7cbb01869afb6f5f8fdf5f619,2015-07-08 18:14:28+02:00,0,0
Slowpoke/Conversations,03614a0262639d1f16b0fd13ec2f4ee0767205c9,2015-07-09 14:15:59+02:00,0,0
Slowpoke/Conversations,23a4e1e6fada4eb5309db35efcf80d6f1f6f4d34,2015-07-09 14:26:19+02:00,0,0
Slowpoke/Conversations,35714d3d08d287c5ded125c356835fb70ab342b7,2015-07-10 02:36:29+02:00,0,0
Slowpoke/Conversations,4274fe90ac8d08cd7e837d7c03a91ed9ea0f9b19,2015-07-11 21:24:30+02:00,0,0
Slowpoke/Conversations,ce527c8b7699dda3cb9c5df3e482eeeeb42a1568,2015-07-18 00:01:34+02:00,0,0
Slowpoke/Conversations,5c2720efd04ceb5155dc612375c888b2faa961f1,2015-07-19 14:51:04+02:00,0,0
Slowpoke/Conversations,2240066bbe697ae4d32a40811a246132898a35ef,2015-07-19 23:38:09+02:00,0,0
Slowpoke/Conversations,9c91b9036aa57c610c26b4cdf52ee295eaa0dc95,2015-07-20 14:24:59+02:00,0,0
Slowpoke/Conversations,012f036840ade8f46462eafcc96d1f223f8ba845,2015-07-20 14:26:29+02:00,0,0
Slowpoke/Conversations,504ef0b72ebd951e3f3f493435fb96713a2b4efe,2015-07-20 15:48:58+02:00,0,0
Slowpoke/Conversations,0ee64124fe317f6959d1ff61cc9e70b272bf8eb5,2015-07-20 22:02:54+02:00,0,0
Slowpoke/Conversations,971aa3a11e1077a38746cb45e7177851725be47e,2015-07-20 23:16:06+02:00,0,0
Slowpoke/Conversations,122bc97ce24181ccd07cf9badf8d4c3b81d80c3f,2015-07-21 01:15:32+02:00,0,0
Slowpoke/Conversations,b7ff2c34614a92f3893732338f75cb0f7fe77d32,2015-07-21 01:52:22+02:00,0,0
Slowpoke/Conversations,f1ee5cccf0b26e2b533d3ce85a020ba8f2a03b8a,2015-07-21 11:46:51+02:00,0,0
Slowpoke/Conversations,a5027104fdc3e64bf40a5764a2cf2bbd27a4ba99,2015-07-21 11:50:21+02:00,0,0
Slowpoke/Conversations,87bc9d3a31a7f92b13293669c4c5ce2c5a02f6ae,2015-07-21 11:52:49+02:00,0,0
Slowpoke/Conversations,92b5081b5ebac1a3108a821a270beb3f7d9c39ee,2015-07-21 14:18:16+02:00,0,0
Slowpoke/Conversations,d38228f4829fe427b315e1f5c6be47542729549b,2015-07-21 19:44:25+02:00,0,0
Slowpoke/Conversations,f6281a182df6e251a326538702bf4f3b6f80a62b,2015-07-21 19:44:25+02:00,0,0
Slowpoke/Conversations,cd204d5931a6cf0289d2df120f278864b8b94fdf,2015-07-22 15:57:17+02:00,0,0
Slowpoke/Conversations,c32162c2808a9bdef841cae706a8de9bcf5391a1,2015-07-23 14:02:25+02:00,0,0
Slowpoke/Conversations,17bc4fb6cd2f52ce7bfbc03540b88cad3ebc5f26,2015-07-29 01:57:08+02:00,0,0
Slowpoke/Conversations,5c421da1e1bd4c6008c36b17569c3dbc5d5e918b,2015-07-31 17:59:41+02:00,0,0
Slowpoke/Conversations,50b14434eeda183d1d197a378239654a8db8b3a8,2015-07-31 18:05:32+02:00,0,0
Slowpoke/Conversations,909f761ca1659938cf5f9d7206ee24d54faa8550,2015-07-31 21:12:34+02:00,0,0
Slowpoke/Conversations,c617cf6ef8ad0b00523a40f886ea64afe47b1712,2015-08-03 22:58:17+02:00,0,0
Slowpoke/Conversations,e10e9942ded6eac8c7c82244c0209c6d67d17370,2015-08-05 18:30:49+02:00,0,0
Slowpoke/Conversations,7437d0fe0cb77f5d17c325d6746cc833423369fc,2015-08-07 12:28:45+02:00,0,0
Slowpoke/Conversations,8b9b74ff7ee863160e0cf2827e2a5a431d4fb90f,2015-08-08 13:29:21+02:00,0,0
Slowpoke/Conversations,dad90762b44878a436479a3998fec45111c9af46,2015-08-11 16:50:00+02:00,0,0
Slowpoke/Conversations,83e1e6468e1ade8f70601195e8c0f2435fec9b25,2015-08-13 18:25:10+02:00,0,0
Slowpoke/Conversations,9e26375d2fcad898c2c4e82366725d8e78710e8e,2015-08-19 13:00:52+02:00,0,0
Slowpoke/Conversations,d51c4b965536b9bc5ce627b33c5de2e5cdac4bfb,2015-08-23 17:26:50+02:00,0,0
Slowpoke/Conversations,0dfb9bd1a06436ffb6dd7a5cfbdefa11d3ae130e,2015-08-23 17:53:23+02:00,0,0
Slowpoke/Conversations,fb0b4bb4453568b10a830ff14f751318cbcd85d7,2015-08-24 20:56:25+02:00,0,0
Slowpoke/Conversations,476db24c10180c0100bbd9a2cfbc34b672464b74,2015-08-25 11:11:32+02:00,0,0
Slowpoke/Conversations,ae9de26f597b63733e584e65e51adbfd1df755ad,2015-08-25 12:40:22+02:00,0,0
Slowpoke/Conversations,3e0636367a733285526c709138110ddb86899196,2015-08-26 11:39:18+02:00,0,0
Slowpoke/Conversations,f6b7a25e290d3ddfa46a5e704b05abe0e6b50dd5,2015-08-26 14:01:37+02:00,0,0
Slowpoke/Conversations,c5abddc58428379ad47f72f588ad3308462a9c6b,2015-08-26 21:12:19+02:00,0,0
Slowpoke/Conversations,3db70876588ca43687b69a3305a2547270aa0850,2015-08-28 12:16:28+02:00,0,0
Slowpoke/Conversations,74cf8320bcf918bf8b3511e752850e921a2f4df3,2015-09-01 00:13:19+02:00,0,0
Slowpoke/Conversations,b265341848863c864a63a079032cbe3fbd89dfd5,2015-09-02 21:57:52+02:00,0,0
Slowpoke/Conversations,9baa87e5c924991ff34b74fdbbc21c07c6b22036,2015-09-04 18:02:53+02:00,0,0
Slowpoke/Conversations,a95c451f1e6ee69fbf3b0072d672c3609a4b1e7d,2015-09-06 15:08:42+02:00,0,0
Slowpoke/Conversations,6bb9983d58538e632b5170a788fd77a957365bf7,2015-09-07 20:45:21+02:00,0,0
Slowpoke/Conversations,506b83ddc6f634f36729b0d498b64b61e31b5849,2015-09-17 14:18:06+02:00,0,0
Slowpoke/Conversations,efc8fc5353fefca22e41f0ce25fc167fc287bd3f,2015-09-19 17:28:59+02:00,0,0
Slowpoke/Conversations,024e697cee47955019d842faa440381e814487b0,2015-09-20 22:17:32+01:00,0,0
Slowpoke/Conversations,9dcf074a79856b866d38174c248ef16987e7ea16,2015-09-30 23:42:02+02:00,0,0
Slowpoke/Conversations,160dfa49a09340ad23c38a02eb7c936aab92eba2,2015-10-02 11:58:03+02:00,0,0
Slowpoke/Conversations,e6af5020555a2b19a5038647c7f55221fc8a4739,2015-10-06 11:44:27+02:00,0,0
Slowpoke/Conversations,e65068d2267246962b9764d86eb3a906e3dde68f,2015-10-08 00:52:04+02:00,0,0
Slowpoke/Conversations,6a6cb43b17df1557033c217d199706bd4e09673e,2015-10-11 13:11:50+02:00,0,0
Slowpoke/Conversations,fdd88aa530235913714df983957bd7bd6756335f,2015-10-11 16:04:31+02:00,0,0
Slowpoke/Conversations,e75c2cd731fd7fa55d5f57a07af42911f271a5cc,2015-10-15 17:08:38+02:00,0,0
Slowpoke/Conversations,e9e31b1c9bb8c0e1e78207b843c5799b98f06cdd,2015-10-17 14:44:59+02:00,0,0
Slowpoke/Conversations,e956c7b2a2e24dbb38435f59c1c70889585c167a,2015-10-17 16:10:31+02:00,0,0
Slowpoke/Conversations,3c45f00443e56557183f94d1152a0847342db510,2015-10-21 17:41:44+02:00,0,0
Slowpoke/Conversations,1bd68a42b20949f7880cc8aa51d472e363830c7f,2015-10-22 11:20:36+02:00,0,0
Slowpoke/Conversations,48f172fc9e9a464ee220afd2a82b719ec5b984e9,2015-10-26 00:59:32+01:00,0,0
Slowpoke/Conversations,34bcc59f72d48a6a03b7e77e9fb7caa8a097b671,2015-10-30 12:05:21+01:00,0,0
Slowpoke/Conversations,a3eb540f059f9123799c54d69201eba8a096e116,2015-11-04 20:56:45-06:00,0,0
Slowpoke/Conversations,c6e54e7e5a3e402553d2f57e2997fb80d029d559,2015-11-06 14:50:55+01:00,0,0
Slowpoke/Conversations,a557d38e4d0bd55442012f7f8a5be62532f7bfe9,2015-11-25 20:47:02+01:00,0,0
Slowpoke/Conversations,2225b0b6d5586d608b15d4e1ac13faa99b8971bf,2015-11-30 16:01:48+01:00,0,0
Slowpoke/Conversations,b7f326372d6ea2aceb40e36f18d9eaaba23fa97e,2015-12-05 19:02:57+01:00,0,0
Slowpoke/Conversations,312387d844e74d4d9dc1ba18121871d4ae16315d,2015-12-07 13:26:01+01:00,0,0
Slowpoke/Conversations,5e151c7311bed98ce7eafa041735484c32bd7dda,2015-12-09 11:16:03+01:00,0,0
Slowpoke/Conversations,2262921ff41f3e1b2108c4ab075bfbda27fe090f,2015-12-10 18:28:47+01:00,0,0
Slowpoke/Conversations,5e4b55a0ff446431b5b5d5c4b3d70e8898815844,2015-12-11 20:43:50+01:00,0,0
Slowpoke/Conversations,f6b22dad2032453bd2e1157488b142af1a86d413,2015-12-14 10:54:55+01:00,0,0
Slowpoke/Conversations,e10a0b0c4c052adc803a8843a597afe9a13016ac,2015-12-17 14:30:00+01:00,0,0
Slowpoke/Conversations,15c8cb8ac6de9b16d7ef4e405b4129b2377a42b8,2015-12-19 12:44:55+01:00,0,0
Slowpoke/Conversations,f46cbb38a92ff5281a974ecc0932ba5459c7334e,2015-12-23 19:18:53+01:00,0,0
Slowpoke/Conversations,7bb67ee6605fbf3785782cf70d30fac4192d049b,2015-12-27 18:37:31+01:00,0,0
Slowpoke/Conversations,73e2389eeec92f57da2b50ce4a40395e4cbe0803,2015-12-31 18:06:11+01:00,0,0
Slowpoke/Conversations,c116f735dcb632e78d91408d04159828d3d772df,2016-01-03 19:39:06+01:00,0,0
Slowpoke/Conversations,fb97f9d18f4a4152983ffbbfa2bae5881f3f22ce,2016-01-04 20:14:08+01:00,0,0
Slowpoke/Conversations,6acb80a83ad6561dea5e14de6d2c514748be303f,2016-01-08 22:07:23+01:00,0,0
Slowpoke/Conversations,fccce229c6a75e3a0b4845199323a00cadf21ac7,2016-01-10 14:56:55-05:00,0,0
Slowpoke/Conversations,c296d6f4466e2616432660bb01465f3746e1bb65,2016-01-11 11:17:45+01:00,0,0
Slowpoke/Conversations,921d567dcbbf55fed97aa1c69c81316f0abde0f1,2016-01-12 15:35:23+01:00,0,0
Slowpoke/Conversations,3e9fd0185a792b349ce2f8b9e8b6a5967c16fee0,2016-01-12 23:42:47+01:00,0,0
Slowpoke/Conversations,494a04ffb16d9967b947c96bd7c1ce2723da0db0,2016-01-15 23:47:55+01:00,0,0
Slowpoke/Conversations,7b1efe15cdb298dc30e50949be6803c4489e18da,2016-01-16 19:21:11+01:00,0,0
Slowpoke/Conversations,a83365ee959e7d27f6abcfd0692499eaf14986fd,2016-01-16 21:18:59+01:00,0,0
Slowpoke/Conversations,bf5b2f73f5a61f0a0179c9d4431579f87eecb001,2016-01-17 16:28:38-05:00,0,0
Slowpoke/Conversations,000f59d614d07ac573c1159ea964ebfee6ecbef5,2016-01-17 16:46:32-05:00,0,0
Slowpoke/Conversations,eacc7ed1e6d4be25862e023efe65f52b9158953f,2016-01-21 17:57:24+01:00,0,0
Slowpoke/Conversations,40005cec1b1a864c529ead082a6e41a1471c874c,2016-01-22 11:20:31+01:00,0,0
Slowpoke/Conversations,61408611437785ebe685aadfbca924cbc86340c1,2016-01-23 11:40:32+01:00,0,0
Slowpoke/Conversations,8850a1fbe3d8affd734b94eb0eb650dc1dfa5bd6,2016-01-23 20:32:00+01:00,0,0
Slowpoke/Conversations,d2c5a939ed2cf42374e0ddb528ee363b7fefee8c,2016-01-26 17:23:24+01:00,0,0
Slowpoke/Conversations,28ebf927fb6cadc64a4f138cb84bac91c9903fdf,2016-01-29 12:09:31+01:00,0,0
Slowpoke/Conversations,c416948f8bf188e1ff6369d5a5dbd7c1679976ee,2016-01-29 12:09:55+01:00,0,0
Slowpoke/Conversations,3978c0478244ca1540d41ffc9185961b366ba540,2016-02-01 14:22:52+01:00,0,0
Slowpoke/Conversations,1274b0ef3998fdd3753ae9f930029c657e905ddf,2016-02-03 10:40:44+01:00,0,0
Slowpoke/Conversations,0911669b07b062b30d41da0623ff0e7288ad2ddd,2016-02-03 16:04:21+01:00,0,0
Slowpoke/Conversations,1d572c61d0a55d5ac7a96ccaacd0f3243253757e,2016-02-03 17:19:05+01:00,0,0
Slowpoke/Conversations,32da65f910207f08f50b57ba59af9474eaad75d8,2016-02-12 11:39:27+01:00,0,0
Slowpoke/Conversations,335058b78bb20f8234d98fb4f205a1954b25e7e8,2016-02-15 23:09:42+01:00,0,0
Slowpoke/Conversations,c0b3a3ff0c32c8025174ebb92fbcf4a7fc67f497,2016-02-15 23:15:04+01:00,0,0
Slowpoke/Conversations,349dd8291df78c33d6570d7f7937362ac08e4d66,2016-02-16 12:52:31+01:00,0,0
Slowpoke/Conversations,3626e4b3a0d3d3da4be1bdf7645045d8cf892b50,2016-02-17 16:50:48+01:00,0,0
Slowpoke/Conversations,49a3f6f281c9a01f9bdaf7f5141c46dd1c6ca2cb,2016-02-19 11:09:28+01:00,0,0
Slowpoke/Conversations,a2cb009f4cb750a1e2953202852e889f78041c05,2016-02-19 20:54:53+01:00,0,0
Slowpoke/Conversations,3bde4dbedb80a8e1de89c09f58d842d7382598e8,2016-02-20 00:01:39+01:00,0,0
Slowpoke/Conversations,b00c561f8182e1bd8c65be931b0b52cc4298edbb,2016-02-21 11:43:03+01:00,0,0
Slowpoke/Conversations,689ded160718b5c73e118abe531530082b322636,2016-02-22 20:28:58+01:00,0,0
Slowpoke/Conversations,4a9753bebcbd966c9351379dfe4b886e41e8ac7a,2016-02-23 09:29:18+01:00,0,0
Slowpoke/Conversations,f1c947f0d6c729d13165814cfa10892d7b0787ee,2016-02-23 11:20:44+01:00,0,0
Slowpoke/Conversations,894b5892a977c6b7ac52f07e00f452a44bdc1168,2016-02-23 15:30:41+01:00,0,0
Slowpoke/Conversations,a88c2d48c0ac3562fcc957b20a76fca97b93bf32,2016-02-23 23:57:51+01:00,0,0
Slowpoke/Conversations,5d3ee60ca4b98ea2defbe70e4c19a81e22a4f97e,2016-02-24 17:12:29+01:00,0,0
Slowpoke/Conversations,e9b4a2a021576a06671e63bb23b8daad6bda82bb,2016-03-04 21:30:34+01:00,0,0
Slowpoke/Conversations,1153e6120d5e04b6ccb30ec3eae8a6ae0acc7bc9,2016-03-13 17:41:38+01:00,0,0
Slowpoke/Conversations,48be5af55ff22c666a57fe2c2de10a147b6f7958,2016-03-16 10:46:33+01:00,0,0
Slowpoke/Conversations,135c8567a566e2c12f98a578dcd606dfdf2b06bb,2016-03-20 17:33:42+01:00,0,0
Slowpoke/Conversations,281cb6504683ae2b8b957e18ff3f7f7f94941777,2016-03-23 12:20:09+01:00,0,0
Slowpoke/Conversations,1d458e8ab3db775f74404cc9e58d4ec22cc07010,2016-03-27 20:02:36+02:00,0,0
Slowpoke/Conversations,867d0ef191faf5af2573e7721d2fb14390eca0ee,2016-03-31 14:21:56+02:00,0,0
Slowpoke/Conversations,2549ce89b0fac2a41c4de61c42d76e521875717f,2016-04-01 00:03:14+02:00,0,0
Slowpoke/Conversations,0385e3a8d62ebe68a8c40a75ea95d3726d3839f3,2016-04-04 20:35:40+02:00,0,0
Slowpoke/Conversations,db0301310bcb4fa238df4839d793162727270dc1,2016-04-08 18:28:40+02:00,0,0
Slowpoke/Conversations,14b46c3ee7aa860d349bcf8418b6ad35715c9ec4,2016-04-09 08:53:58+02:00,0,0
Slowpoke/Conversations,b99d70bfe74ce5dff1c8ed26d7f3dbd577a22125,2016-04-09 10:59:54+02:00,0,0
Slowpoke/Conversations,65548ddccb7f63d623a86ad9a740ded87310e313,2016-04-09 12:31:08+02:00,0,0
Slowpoke/Conversations,5786e753740065cb2a5398ee964642054074e6f2,2016-04-10 00:19:53+02:00,0,0
Slowpoke/Conversations,7223b5b2746c2250c94965f89d9f636017e447da,2016-04-12 17:52:58+02:00,0,0
Slowpoke/Conversations,3e654bea0e26616b11166a37bbf7822aef25d2f0,2016-04-12 18:30:02+02:00,0,0
Slowpoke/Conversations,72aa10b53660fdb6e32f74a103ff1e349232a816,2016-04-14 21:12:44+02:00,0,0
Slowpoke/Conversations,59652ecaf2d249d2e0046614fa0f3a3063b4b604,2016-04-25 11:06:17+02:00,0,0
Slowpoke/Conversations,1d2e2f71c21f275fe2aa9676aaf932ee2abe8bad,2016-04-28 20:14:53+02:00,0,0
Slowpoke/Conversations,6d9ca2591575a5e04d554a168e45413a628f6540,2016-04-29 13:24:26+02:00,0,0
Slowpoke/Conversations,936006173ce11111f10c0bddd66d28c439ca584e,2016-04-29 20:38:23+02:00,0,0
Slowpoke/Conversations,06a561743a32aa0773bacdc75bed0bfd3bee6357,2016-05-02 14:31:30+02:00,0,0
Slowpoke/Conversations,544e1dee656eb547d5b3a16f4929ed301ff6c540,2016-05-05 17:09:01+02:00,0,0
Slowpoke/Conversations,6f3b8f64d17c84e7baac78b1efa72400859f67e6,2016-05-08 21:45:18+02:00,0,0
Slowpoke/Conversations,c37b5af2ca12beeb2fc7e4caabde79f2e0cd16aa,2016-05-10 10:53:44+02:00,0,0
Slowpoke/Conversations,2014f388b1f5eef66c8f787dc6889b03ae461d08,2016-05-12 21:54:42+02:00,0,0
Slowpoke/Conversations,b756d61c45f5cd3a3c69dd93115ad558f41de216,2016-05-13 10:45:30+02:00,0,0
Slowpoke/Conversations,540f6f3d7a3ad2600f8dc0af238465742070f39e,2016-05-15 09:54:49+02:00,0,0
Slowpoke/Conversations,14952ba5e5ffbbbda2d0453157f03779ffbdaffb,2016-05-17 10:43:48+02:00,0,0
Slowpoke/Conversations,627bf18f8cfa72aee3f410f22245403ff6a98ed0,2016-05-19 10:40:03+02:00,0,0
Slowpoke/Conversations,3f65b0e985db52a38b639ca8bbad9167b1cc8d1a,2016-05-19 10:44:16+02:00,0,0
Slowpoke/Conversations,79796b00799bd491dbdb7363919a52da9d27356c,2016-05-25 21:05:51+02:00,0,0
Slowpoke/Conversations,83adbb6052104be0c5519e9a8312a1a780718442,2016-05-25 22:12:13+02:00,0,0
Slowpoke/Conversations,c06e2787c7192bb450389f0b6352fae6fa1eeb61,2016-05-25 23:24:36+02:00,0,0
Slowpoke/Conversations,841e718d6aaf335d5750170da181a6443c7c8048,2016-05-26 12:39:31+02:00,0,0
Slowpoke/Conversations,06bef5de8db774f052350c61c3bd4b43a5b4b582,2016-05-28 11:03:29+02:00,0,0
Slowpoke/Conversations,9afafe387aca9f8793f5a9e3d76d841ada7658b7,2016-05-29 20:21:53+02:00,0,0
Slowpoke/Conversations,49cefd1c0ccbd727fe13bc0c5f0ed3dfe7ebca15,2016-05-29 20:44:58+02:00,0,0
Slowpoke/Conversations,272cffe797f5955a1a1720016b1dab08a31e4103,2016-05-29 22:55:01+02:00,0,0
Slowpoke/Conversations,be0fc59314cc9dd2fb34059333b9d6a6269653b3,2016-05-30 13:06:42+02:00,0,0
Slowpoke/Conversations,1838023c88cee6aa68859ef24227cd81bc47b7f2,2016-05-31 17:19:56+02:00,0,0
Slowpoke/Conversations,8e6f054e525356b1f814280f087d5152e98de711,2016-06-05 11:56:56+02:00,0,0
Slowpoke/Conversations,92bad0fa1ec6cf5fd46ce42a82b0093681d8d6b5,2016-06-05 20:21:44+02:00,0,0
Slowpoke/Conversations,5f4471a45eb8886527035dfda408e2453c992979,2016-06-15 13:53:34+02:00,0,0
Slowpoke/Conversations,dcc13d7a3d991132b8cb3e88eb08db61c161c510,2016-06-16 20:36:51+02:00,0,0
Slowpoke/Conversations,85c82d9b3bd2cb84522f5b619acbde9136822de7,2016-06-19 00:07:15+02:00,0,0
Slowpoke/Conversations,e88f01923f88df869dccbafb437f3ca3f80e8f20,2016-06-21 19:08:38+02:00,0,0
Slowpoke/Conversations,34454ef2ecf22910a6d4da2e3c895b2cd8c0f76d,2016-06-22 12:21:33+02:00,0,0
Slowpoke/Conversations,ac8aa639164956cb2a9307df958a53d3423c4616,2016-07-04 19:29:46+02:00,0,0
Slowpoke/Conversations,ff1b23b4d9fb389b31e1fefe117898d4da1ea0d5,2016-07-13 00:20:38+02:00,0,0
Slowpoke/Conversations,2803d342e1f008217aa6f003d917423b6e6e106b,2016-07-14 16:06:05+02:00,0,0
Slowpoke/Conversations,e9c00c0427cb3cb2d9347af69a150324a6a99a84,2016-07-21 19:17:26+02:00,0,0
Slowpoke/Conversations,3a5735e717c609e3d065f1fd114085cbf8e950ec,2016-07-22 16:32:38+02:00,0,0
Slowpoke/Conversations,6dcce765687774031b39455781afcc4f84b751a4,2016-07-22 16:33:09+02:00,0,0
Slowpoke/Conversations,198a9f222663ea5e216459f89c8c1d5fe220cb40,2016-07-25 14:15:47+02:00,0,0
Slowpoke/Conversations,58a3ef46cefd97aba593d2a541acbbd721ba07fd,2016-07-26 20:44:28+02:00,0,0
Slowpoke/Conversations,0e96e0a796661aae1af133f24d010a4957f68af2,2016-07-28 22:58:37+02:00,0,0
Slowpoke/Conversations,805717673c1277e7f6783b4f6e6827741c650619,2016-08-07 09:46:01-05:00,0,0
Slowpoke/Conversations,a51de9fcd9af0162b20b44bfe510c9f00859a62b,2016-08-09 17:25:45+02:00,0,0
Slowpoke/Conversations,08725ba2bb49b70c84593a1d3a11d35afb9a449a,2016-08-10 12:34:05+02:00,0,0
Slowpoke/Conversations,94aee445e721f80bc4a4ae3572141ea6af38fe4a,2016-08-13 12:40:48+02:00,0,0
Slowpoke/Conversations,343bb7ff28577ca2a5b1fa80c3e96de17eb19984,2016-08-13 12:43:06+02:00,0,0
Slowpoke/Conversations,b5d3859b22c44552d2c0165383fd5b1be2844a91,2016-08-16 10:39:59+02:00,0,0
Slowpoke/Conversations,f1ecbf2ff8ea9788341f9e1a33906e2f81c55cc6,2016-08-25 13:46:33+02:00,0,0
Slowpoke/Conversations,542626758d521421e4c6175dc018c43b71a3a663,2016-08-25 15:20:06+02:00,0,0
Slowpoke/Conversations,f931c08da7fba912592fe7be495bfd47a4069178,2016-08-26 10:19:59+02:00,0,0
Slowpoke/Conversations,3685c8cd2a705d38d84f72fe363677e7a40d1043,2016-08-30 13:14:38+02:00,0,0
Slowpoke/Conversations,7917c19d1853c890d08985d29c709f53ec8ae54b,2016-08-30 13:15:00+02:00,0,0
Slowpoke/Conversations,7e811498690a27a8f1b06feedfbc2a1dbe129cd0,2016-09-06 12:13:50+02:00,0,0
Slowpoke/Conversations,257d1e42d82616205a6e0db4521c31d60912f81a,2016-09-06 12:14:49+02:00,0,0
Slowpoke/Conversations,59b2e281a38868f0c4fc6e60cfe74decfce9763e,2016-09-10 22:16:14+03:00,0,0
Slowpoke/Conversations,1a0b538166134963fcb3a250caa78a7b625d6266,2016-09-12 11:33:36-05:00,0,0
Slowpoke/Conversations,8ca5eb442952a40c16486b8abdc197087b7d7c2b,2016-09-16 02:15:07+03:00,0,0
Slowpoke/Conversations,3e6747c88083a0cf9653d6a095f0dd015ecf2deb,2016-09-17 01:18:34+03:00,0,0
Slowpoke/Conversations,badc97e2806755e9811f1c0bc3d803c0bddb7be7,2016-09-18 22:15:02+02:00,0,0
Slowpoke/Conversations,7eac9032773566b82db0646a5ef3323a5bbd2add,2016-09-18 23:21:05+02:00,0,0
Slowpoke/Conversations,5790d4c4ab6faa0ea390ca92833bbc3315d813e0,2016-09-20 14:21:41+02:00,0,0
Slowpoke/Conversations,1339b9c4644d784ab3f662ad2aa2988879ee92cf,2016-09-24 21:29:00+02:00,0,0
Slowpoke/Conversations,43f5dfe1746a9986d0c4ffa9a0c193aa3cf509a1,2016-09-28 12:35:52+02:00,0,0
Slowpoke/Conversations,f4a883848cc68f2e5fad6038e4db809af723955e,2016-10-03 11:25:15+02:00,0,0
Slowpoke/Conversations,cea52b0722bc352815e3c3e1c1982ddd13f54984,2016-10-03 18:26:11+02:00,0,0
Slowpoke/Conversations,8d8cb92e434a37e24f03892b098fcf1724ded7f8,2016-10-06 17:23:35+02:00,0,0
Slowpoke/Conversations,26e33de79aad9bd688e1fdfdf0108a962cdc3244,2016-10-07 10:04:36+02:00,0,0
Slowpoke/Conversations,dc02e2b498aac9fbdc90e54919089cc08802e0b5,2016-10-17 09:52:43+02:00,0,0
Slowpoke/Conversations,c3423d6ffe28bab55592ec0330b021918e042322,2016-10-19 12:31:11+02:00,0,0
Slowpoke/Conversations,8c1bb058daddca297290e5bbfee8885865ae343b,2016-10-23 09:03:17+02:00,0,0
Slowpoke/Conversations,a4020e85f627f9af2142213a4c34cb4efaa8ac9a,2016-10-23 09:03:36+02:00,0,0
Slowpoke/Conversations,07a71d312a8eaaa9b43686905c804dec99c34cef,2016-10-31 12:07:08+01:00,0,0
Slowpoke/Conversations,20ddba2aa9b173054b1c7922b41892cc42bc31ef,2016-11-01 10:27:01+01:00,0,0
Slowpoke/Conversations,1a57599da2b99f37d8d5ca611a4c4f83f7fd2e00,2016-11-08 10:14:34+01:00,0,0
Slowpoke/Conversations,bca8f11c9c2d3df9dcfc2253bc108fc6e9a241ef,2016-11-08 12:20:07+01:00,0,0
Slowpoke/Conversations,698ddadbee462c3e48a8635fdc7f01eb2ddbfbf1,2016-11-08 21:37:44+01:00,0,0
Slowpoke/Conversations,e8cc959a7f249dd3cc0b92fcb599aa8b8005e064,2016-11-11 15:01:15+01:00,0,0
Slowpoke/Conversations,035d0c79572d5981c53d1bff7f30b484c6542f17,2016-11-13 17:10:48+01:00,0,0
Slowpoke/Conversations,ec63900ef356ae0771071bcf460f2fe47b46b256,2016-11-15 21:11:35+01:00,0,0
Slowpoke/Conversations,a7ee8f8a7468dbdecdfbee5a920fc1730b7295eb,2016-11-18 13:13:29+01:00,0,0
Slowpoke/Conversations,d68b7cfcfcb5677d7ca12090abe8364b78904ca7,2016-11-18 13:47:39+01:00,0,0
Slowpoke/Conversations,1820b163a10df263844da663c5bb6947c1c17989,2016-11-19 10:29:08+01:00,0,0
Slowpoke/Conversations,3bf2876e0931a064587ca5e560b5ccde18977b86,2016-11-19 10:44:40+01:00,0,0
Slowpoke/Conversations,6362799d5691cf5a9868419bbdcfc823c97d154b,2016-11-19 13:34:54+01:00,0,0
Slowpoke/Conversations,cb639f3fdd59032002dad03da078f617dc27cc6e,2016-11-19 21:31:41+01:00,0,0
Slowpoke/Conversations,2614706d398c05b6fbfbc694332014a35eb05643,2016-11-19 21:32:40+01:00,0,0
Slowpoke/Conversations,b71aa6d3a4f6b0865e3f338e373869bdf0538c04,2016-11-19 21:39:16+01:00,0,0
Slowpoke/Conversations,cbd45d3ee55eb75bd6d4bd40d1573f42518cfa3a,2016-11-24 11:29:26+01:00,0,0
Slowpoke/Conversations,e5d7357e6ea8f74634731a460b207334b21820c5,2016-11-28 15:51:11+01:00,0,0
Slowpoke/Conversations,1b9a91eb2f5c088cba80895aec199b21025e290d,2016-11-30 10:45:39+01:00,0,0
Slowpoke/Conversations,6e95ad4bdf4b8657c0ed40acbab802c791f52c32,2016-12-01 13:07:18+01:00,0,0
Slowpoke/Conversations,d4b1119240acf86dd1051adff7c9b42de7bb2a1d,2016-12-02 11:35:00+01:00,0,0
Slowpoke/Conversations,1e7b4030bba1cd0b6759c6c41a328fc231f3e0cc,2016-12-04 13:39:08+01:00,0,0
Slowpoke/Conversations,cbc9c1fb2059d7ab0cf7d4a7f8d5812f61a8644e,2016-12-05 21:52:44+01:00,0,0
Slowpoke/Conversations,8abfbf82fab1f51d5a3c13bba8c19b3d92de8eca,2016-12-09 18:46:32+01:00,0,0
Slowpoke/Conversations,b8f67bfaa38509055ed3cf60877c1d3490b10bc1,2016-12-26 15:13:38+01:00,0,0
Slowpoke/Conversations,fa70bd75364536ed404af223c226613fa9c7b572,2016-12-30 20:24:35+01:00,0,0
Slowpoke/Conversations,b19572ba8cb91285da83605297982467fca4ae58,2017-01-09 17:58:11+01:00,0,0
Slowpoke/Conversations,a994d8f847552eadb61d7a41b94fe4d822003c9e,2017-01-09 18:05:58+01:00,0,0
Slowpoke/Conversations,39bb8ad05f3469a81cf795cc75fd47475f967654,2017-01-09 19:54:27+01:00,0,0
Slowpoke/Conversations,a1cb855739b96c29d91225d125d3018a5f665468,2017-01-09 20:20:02+01:00,0,0
Slowpoke/Conversations,bfc2cffc2f7818e090c70d0d65cc97acb08ad5ba,2017-01-12 14:26:58-06:00,0,0
Slowpoke/Conversations,143ad48be1970f1d71445c7698d9011c64ce1b3f,2017-01-20 10:43:50+01:00,0,0
Slowpoke/Conversations,59f82cbd341d105fc7ed90bc7bf4f5e59789958f,2017-01-20 13:44:29+01:00,0,0
Slowpoke/Conversations,97ba0a0d49dbd3eafb8b7db07a636e107400332d,2017-01-20 14:54:59+01:00,0,0
Slowpoke/Conversations,53241f2ef1e01aeb122c8ae10a0744de1e247a68,2017-01-26 19:19:08+01:00,0,0
Slowpoke/Conversations,2a34ece571578bb76caf88626019a8edf146bb9e,2017-01-30 00:03:51-05:00,0,0
Slowpoke/Conversations,8ab166e8176076129591aa80ef7a53a51ad81141,2017-02-07 14:03:23+01:00,0,0
Slowpoke/Conversations,55e9067b27d2d4c669a7144f19e55ad9e1a252a7,2017-02-09 20:14:36+01:00,0,0
Slowpoke/Conversations,6e62b62b80b8ab833587fabb30028e958f44ab2f,2017-02-15 12:09:36+01:00,0,0
Slowpoke/Conversations,c69ad8f52ca6c24d02f4458ab0d54aad5f918505,2017-02-17 10:26:42+01:00,0,0
Slowpoke/Conversations,ea1e28267b8a6481aa509d919c835ef23a912388,2017-03-01 12:50:58+01:00,0,0
Slowpoke/Conversations,51ef096e0108462da53b494484cef85c470a9727,2017-03-03 15:49:44+05:18,0,0
Slowpoke/Conversations,6088913fb6381f315f60e62b12a8a2fbd728710d,2017-03-05 17:42:17+01:00,0,0
Slowpoke/Conversations,4a7dbaab1e0196708b0d2d8ea1c0fd4a3f54edcd,2017-03-06 11:24:04+01:00,0,0
Slowpoke/Conversations,9ba5335ae7001dbc88b3a98b922c983669965da3,2017-03-06 19:06:16+01:00,0,0
Slowpoke/Conversations,5fae9465d182c37cf53dd12c79637963f32fd13a,2017-03-07 11:07:57+01:00,0,0
Slowpoke/Conversations,5ea4322d3fbc86f89a18d3937cf6699540faf3dc,2017-03-07 14:36:05+01:00,0,0
Slowpoke/Conversations,1fd3bbfe2529d5488914babde0cf76b0de621840,2017-03-08 10:32:42+01:00,0,0
Slowpoke/Conversations,0ee13bbecb85ecdf1023c075213afca779b0f652,2017-03-09 15:42:27+01:00,0,0
Slowpoke/Conversations,09d68ae603545ffde2da1d6c96e03c3fa52b5dc1,2017-03-10 17:25:43+01:00,0,0
Slowpoke/Conversations,91a69d7d857c6ee965e31b1e6301e37b58571da6,2017-03-17 12:56:55+01:00,0,0
Slowpoke/Conversations,644a3a729deca96b6a1882e20788c30b93230101,2017-03-20 13:25:36+01:00,0,0
Slowpoke/Conversations,76b9010c396155d956098ad48b86ec8ab0dd360e,2017-03-20 17:58:58+01:00,0,0
Slowpoke/Conversations,2302122d8ed0ea975f99138e2ed2b07d3f504b8a,2017-03-26 12:29:12+02:00,0,0
Slowpoke/Conversations,f75eb6bc435b5f8ab07b1c4faf32c067d89a5a43,2017-04-05 18:39:27+02:00,0,0
Slowpoke/Conversations,cc1aa9e431eb99529345b976c1236628b8bbd34f,2017-04-07 14:30:30+02:00,0,0
Slowpoke/Conversations,41112d29bdb7204e87bc1dbccb68a6594aaf5635,2017-04-08 10:00:40+05:18,0,0
Slowpoke/Conversations,8742194f4b20bfd75ce12fdecca7e9afc78ad8dd,2017-04-12 22:24:29+02:00,0,0
Slowpoke/Conversations,a4454bcff2493160ecabbb2fdfe75f58a04660c1,2017-04-17 12:13:26+02:00,0,0
Slowpoke/Conversations,9cc37a7bdb3fb0e3c04f987065f229149803e1a6,2017-04-20 11:52:54+02:00,0,0
Slowpoke/Conversations,2cfa3ce2881e10756aae50d36b67cf7724aae878,2017-04-25 15:19:47+02:00,0,0
Slowpoke/Conversations,a5e15d5a108bca8c0286d7e0171d7130c957fd24,2017-04-26 12:43:52+02:00,0,0
Slowpoke/Conversations,1a72683b52a8bc3080fc7514bf7fdc4f15951211,2017-04-29 22:59:36+02:00,0,0
Slowpoke/Conversations,cc1402442aaba9ab16b7669790c140fce85e24a0,2017-05-04 11:03:58+02:00,0,0
Slowpoke/Conversations,41b3df0d4394394dc7747c80224b3468da060626,2017-05-13 08:11:24+02:00,0,0
Slowpoke/Conversations,7cd4ed78b2a7bcc72f9ac388fa3857ba98324f88,2017-05-19 13:30:57+02:00,0,0
Slowpoke/Conversations,3ece613a5d35b5a134281638d7d1e308774e940d,2017-05-25 14:40:59+02:00,0,0
Slowpoke/Conversations,00bb5273332344af1a6a825c05f9c2f9d1c82334,2017-06-05 14:57:09+02:00,0,0
Slowpoke/Conversations,2e380ed7923ddc3b0018f91b832aa0fd178c8c51,2017-06-21 23:28:01+02:00,0,0
Slowpoke/Conversations,d24022d755cac1b2a6e9f6c5ec11c1d1bb4387cd,2017-06-24 16:13:55+02:00,0,0
Slowpoke/Conversations,14fd41cd7fe67f42fc311f922f7da7f1721efc13,2017-06-25 12:03:26+02:00,0,0
Slowpoke/Conversations,7c1e1132b0ebabe72612ac8f264336e6899f5e37,2017-06-29 20:23:28+02:00,0,0
Slowpoke/Conversations,2b9cdde558ed96c23ca02357b3d9e4f47a80e764,2017-07-01 13:41:24+02:00,0,0
Slowpoke/Conversations,5cac4397ddc7a4c01a2811c4a4a1c2245d1a14f2,2017-07-03 19:44:01+02:00,0,0
Slowpoke/Conversations,c400f74918a990c00d7a1688f5a1881ee024bcdb,2017-07-09 19:05:23+02:00,0,0
Slowpoke/Conversations,7cbef529aed19515391056a1dc81f16760e036b9,2017-07-10 08:49:22+02:00,0,0
Slowpoke/Conversations,ecc0ef45c51a4da5753042dc9dde534dea3c2074,2017-07-12 11:03:32+02:00,0,0
Slowpoke/Conversations,7623accfd59ceec8043062c1e7e60081c4443770,2017-07-12 22:19:45+02:00,0,0
Slowpoke/Conversations,3d0b127a8f8780637c66fa50765b3bec8dea90fa,2017-07-13 19:27:36+02:00,0,0
Slowpoke/Conversations,85dc0c284d6e11af14bce6cf772f96685e90db57,2017-07-14 09:08:39+02:00,0,0
Slowpoke/Conversations,2fc216bfc40d619cc04068638f993b0cdd028b6b,2017-07-21 08:30:16+02:00,0,0
Slowpoke/Conversations,82c592443468d3e113c4e439b0d293cb02b8e89f,2017-07-30 22:04:58+02:00,0,0
Slowpoke/Conversations,b925f436fd921bdf67fc9c06e675699b32001969,2017-08-04 11:58:12+02:00,0,0
Slowpoke/Conversations,4a43df8c9757485447d5b75d0cf0f03cc098dd07,2017-08-07 15:55:56+02:00,0,0
Slowpoke/Conversations,e6a67a6c269f1454ee3632d0d1013735ece9910a,2017-08-23 21:49:25+02:00,0,0
Slowpoke/Conversations,0f39ad0f04a47180a95d5800cf813d344603339d,2017-08-28 18:30:39+02:00,0,0
Slowpoke/Conversations,57ca77aa0c186acf1e38531e2cf6af2a0606c526,2017-09-06 08:38:14+02:00,0,0
Slowpoke/Conversations,e5becc2e129f44b537670b8b3d557eb64da99ce9,2017-09-21 21:46:11+02:00,0,0
Slowpoke/Conversations,9b4149a63d63bb14beca8c75684bac395035ce62,2017-09-27 10:21:34+02:00,0,0
Slowpoke/Conversations,f0e48c8af5133a141e25580e1e79f78895f9633a,2017-09-29 22:56:17+02:00,0,0
Slowpoke/Conversations,f53e44a2910725fb0604b8255343042a7417efe0,2017-09-29 23:27:08+02:00,0,0
Slowpoke/Conversations,014052b991af17fc5506d321601a2df725dde281,2017-09-30 01:18:08+02:00,0,0
Slowpoke/Conversations,39a54838fa96049b6a4c58fa5d5d3dffd71b9441,2017-09-30 17:38:48+02:00,0,0
Slowpoke/Conversations,08aad7d0aa3be1adbc6e16b264d90e6039ff5c09,2017-10-27 15:46:12+02:00,0,0
Slowpoke/Conversations,82e5a28f4934831a04d5577d9099f8ecea7d48e7,2017-10-27 17:25:01+02:00,0,0
Slowpoke/Conversations,4d0986ee915d0c9f2761adfa3b1e2153372f27dc,2017-10-27 21:57:31+02:00,0,0
Slowpoke/Conversations,fd7ee7c025b4689cd1a597bf3b6cd28e7003ed06,2017-11-06 12:18:24+01:00,0,0
Slowpoke/Conversations,e9587f73ce623ecbd990435acfef6af50b6675c7,2017-11-07 23:28:14+01:00,0,0
Slowpoke/Conversations,513795fdf80bd218a1cb687169f4d5daf0bfc4c7,2017-11-10 20:18:47+01:00,0,0
Slowpoke/Conversations,3efa1c46ab6775ee11fd457f10cfb141f20f3d62,2017-11-14 09:14:03+01:00,0,0
Slowpoke/Conversations,900ad2f7ef852fe52aaa047022ac57cc59e2ae4f,2017-11-23 09:36:51+01:00,0,0
Slowpoke/Conversations,513427c8a8c567b2b90e2f86f9a33ae2252cecb1,2017-11-23 18:18:30+01:00,0,0
Slowpoke/Conversations,7f4f30c84901655c9312b9aa2abe0e4ebca75029,2017-11-23 23:26:19+01:00,0,0
Slowpoke/Conversations,64dd622d32147513968d5ab8e0d0d9c38294d27a,2017-11-25 20:55:43+01:00,0,0
Slowpoke/Conversations,b158e9fd4229cb32d02d8d0139efaaa96a709615,2017-11-30 17:26:50+01:00,0,0
Slowpoke/Conversations,fc8a5641db962ae7df14e7aad4a6319d765c939d,2017-12-02 18:11:03+01:00,0,0
Slowpoke/Conversations,95553750a34dd664f6c9fc94289866ff0144792b,2017-12-03 18:09:14+01:00,0,0
Slowpoke/Conversations,614372dcbb3c2272fb3d55313e9355135af855eb,2017-12-05 14:14:52+01:00,0,0
Slowpoke/Conversations,b5fe8789e949b08001a4f29bd2e929f1eae1c664,2017-12-05 14:15:10+01:00,0,0
Slowpoke/Conversations,a4b44ee73013781afe20c1585938496e32b72eca,2017-12-06 16:58:08+01:00,0,0
Slowpoke/Conversations,1b0cd77c57fb4cd5885b1ebc4d1a27e8b09b8ec3,2017-12-08 14:23:38+01:00,0,0
Slowpoke/Conversations,cdee6523e4ece8c0df503be70dea7ce153836e8b,2017-12-08 14:24:26+01:00,0,0
Slowpoke/Conversations,811abedf67488e6d083b2820b18bad1db3792229,2017-12-09 16:19:56+01:00,0,0
Slowpoke/Conversations,a973833a4f08ce92c633de562c95aca1c8fcc78f,2017-12-09 18:46:21+01:00,0,0
Slowpoke/Conversations,d5f8a4dacb666eb4a50aba148e493c10b259b13b,2017-12-10 11:44:10+01:00,0,0
Slowpoke/Conversations,4d4586eaeaf65f88d6cdf353498aa5dfaf29ba99,2017-12-15 02:48:01+01:00,0,0
Slowpoke/Conversations,a0c8e6170bf93113a17436a5e43406a9c57d93bc,2017-12-15 02:48:17+01:00,0,0
Slowpoke/Conversations,cdd6bdab98f7088af0f045dafc5cd63a777bf4b4,2017-12-15 16:14:41+01:00,0,0
Slowpoke/Conversations,0be41e0aaba77ec871b6c5087d5f07e8586002b8,2017-12-15 19:13:58+01:00,0,0
Slowpoke/Conversations,ccf75ef45ae8a8707b5e1a3d8eb1f684ab4832de,2017-12-15 21:47:16+01:00,0,0
Slowpoke/Conversations,036dd8269853224fea561427f48092f7160880b6,2018-01-18 20:58:55+01:00,0,0
Slowpoke/Conversations,3a8855a6720640578421d4a8c21252033c17ad85,2018-01-20 21:57:09+01:00,0,0
Slowpoke/Conversations,294e19d9627d1206eab6a368a362b27b6471c72a,2018-01-25 12:48:04+01:00,0,0
Slowpoke/Conversations,3e9224bde902ab3ca85824d25ae1a539524f6c6b,2018-01-28 13:14:30+01:00,0,0
Slowpoke/Conversations,2f1f9f2c2c37d978b5131812e42fdcace5fe5ab7,2018-01-29 01:39:46+01:00,0,0
Slowpoke/Conversations,bcd00bb51718f53fbf6a83896c4a5cd970282478,2018-01-29 01:40:02+01:00,0,0
Slowpoke/Conversations,40878350c7956d9dbd4e4bfaa5f1e3d688c934cc,2018-02-01 19:47:51+01:00,0,0
Slowpoke/Conversations,a7e1935909a804b0597163ee7965b1291007ab13,2018-02-09 09:05:49+01:00,0,0
Slowpoke/Conversations,af81bb195874da60cee03e8c3b16075379cf566c,2018-02-09 20:53:13+01:00,0,0
Slowpoke/Conversations,64c956904de7ead7cc77cd29a2a8ce1a30112060,2018-02-10 13:32:37+01:00,0,0
Slowpoke/Conversations,e2ac1db225ac6abbb461dc62d58ee2c943fbae8c,2018-02-10 19:06:31+01:00,0,0
Slowpoke/Conversations,a3f3cfa0bb60b8da971cc42cb4bf34e36263f63d,2018-02-16 11:14:16+01:00,0,0
Slowpoke/Conversations,fe4ebb6244a5dada9856bf8626cf4cef2b1d951f,2018-02-16 12:30:46+01:00,0,0
Slowpoke/Conversations,9d25ecc21b4ca4e3a3b448f5be559efe681fa73b,2018-02-16 13:29:23+01:00,0,0
Slowpoke/Conversations,de0272fd1ac231a532bcc9fedcd5e81fb15cb209,2018-02-16 18:58:57+01:00,0,0
Slowpoke/Conversations,30776a86c4615a13cd82e33a469038f14fa391cd,2018-02-17 20:41:46+01:00,0,0
Slowpoke/Conversations,f334349cd688cc2db7536258284ea634b1ea7660,2018-02-18 11:20:02+08:00,0,0
Slowpoke/Conversations,026297563549785d59c035e5ba36739bf1c28ec9,2018-02-18 12:13:51+01:00,0,0
Slowpoke/Conversations,595757fe0089395ecc4a024ab385a79d5bf3f8b0,2018-02-19 10:46:13+01:00,0,0
Slowpoke/Conversations,d55a3842d36db67da02b2947fc98cfc80bf20083,2018-02-19 18:17:43+01:00,0,0
Slowpoke/Conversations,72cf702e752d91bc7edbad3b4195aa37e1c6a3db,2018-02-20 08:22:08+01:00,0,0
Slowpoke/Conversations,8d9d96d4e1e8c8d6626e86187beae314d14e93ef,2018-02-20 14:54:32+01:00,0,0
Slowpoke/Conversations,e7094af9d57422e904e7e10fb50f7e23bd88afc3,2018-02-20 17:03:44+01:00,0,0
Slowpoke/Conversations,6bd0abcd8ed3aee7a727c8d50139eb123124643c,2018-02-21 23:07:53+01:00,0,0
Slowpoke/Conversations,02c78bb1fb06d043ee8c28fff7ef11c22df24cac,2018-02-22 20:12:44+01:00,0,0
Slowpoke/Conversations,7725cb8311c3bb7b61511ae0f7e1a300c024baa7,2018-02-23 23:11:54+01:00,0,0
Slowpoke/Conversations,4c8cbfe96644539fce44721ab79ba89b9a3e3100,2018-02-24 12:53:02+01:00,0,0
Slowpoke/Conversations,e0317cfa147ec7b4a6bf29b8f4abb6017ddca71b,2018-02-24 20:34:14+01:00,0,0
Slowpoke/Conversations,743543ad90e9bef86773451b32b654abd73ce3b4,2018-02-25 09:46:44+01:00,0,0
Slowpoke/Conversations,108edbe314264f57d4c398d8858fe1e7225dd56b,2018-02-25 13:22:52+01:00,0,0
Slowpoke/Conversations,8aba5407170f68199559f768a626078b71c57115,2018-02-25 14:21:18+01:00,0,0
Slowpoke/Conversations,21c9ffd8b2d3b482b7f6d39afcd3e311ab79bdb5,2018-02-25 15:43:19+01:00,0,0
Slowpoke/Conversations,ae2536adff9fd63986b30e46c7bc67323f7700a4,2018-02-25 18:00:27+01:00,0,0
Slowpoke/Conversations,665213574637f087d0ab7b8c694ef485116ce83f,2018-02-25 19:21:02+01:00,0,0
Slowpoke/Conversations,3bd42230f21c2d93b096bde4e433653b2ac9ba09,2018-02-26 17:12:40+01:00,0,0
Slowpoke/Conversations,5ed94d5ab089f743ad60b97dc9f8f5976292a9c6,2018-02-27 14:12:29+01:00,0,0
Slowpoke/Conversations,b393f54a038ba810aeb0f91d162976e16b7429c9,2018-02-27 20:33:21+01:00,0,0
Slowpoke/Conversations,363c39a8730f0401fc4f9dac25d8eb078f65a158,2018-03-01 11:34:42+01:00,0,0
Slowpoke/Conversations,a4f4c807434ff9b8f5316280eedf3afec46782e0,2018-03-04 13:51:27+01:00,0,0
Slowpoke/Conversations,de2f5e7a836a270acc94d8d8efbb3fdb67adf3ef,2018-03-05 13:23:04+01:00,0,0
Slowpoke/Conversations,6aee63843218f12f60fb9756cccf0e0d343e1802,2018-03-05 15:27:22+01:00,0,0
Slowpoke/Conversations,7e963820a5559812983d2b737d7862d122f5c9de,2018-03-07 12:56:35+01:00,0,0
Slowpoke/Conversations,5e32b4ab179e8aa991c986d68c1b6f19e19ab7c6,2018-03-08 16:27:33+01:00,0,0
Slowpoke/Conversations,e2e5c04ef7bbbe10598810a04a22dc928607cd0a,2018-03-08 22:02:19+01:00,0,0
Slowpoke/Conversations,b21d948ecb1b29d96ed29f0282b312578409bd69,2018-03-11 13:09:35-05:00,0,0
Slowpoke/Conversations,9a7f3ec742d9e36fa55221e0ab8e4aee3ddb3f8c,2018-03-13 22:44:08+01:00,0,0
Slowpoke/Conversations,4232e5b35d28090ceb01097326ad86f56ce79d9f,2018-03-13 22:01:28-05:00,0,0
Slowpoke/Conversations,45701448b8af3889db0c6a0260cdc00fde3af628,2018-03-14 08:23:46+01:00,0,0
Slowpoke/Conversations,3c932e9fa62d6cc71da3d5bd794c0488a7618591,2018-03-14 17:31:33+01:00,0,0
Slowpoke/Conversations,64f040b631de66410dadc3b04125a2557e67d2dc,2018-03-15 13:37:08+01:00,0,0
Slowpoke/Conversations,9765f26de0174413ae9d48f0c99ef02d2884a119,2018-03-16 12:58:43+01:00,0,0
Slowpoke/Conversations,82ba4ce4fc7a4c983aafb5225ee4ca8efb5bb954,2018-03-18 09:31:37+01:00,0,0
Slowpoke/Conversations,f2ea609b51c058004727179c2c18ae5a7b222923,2018-03-18 09:47:52+01:00,0,0
Slowpoke/Conversations,6779bf2a299816d045821a540aacf55901c2bbec,2018-03-18 23:19:23+01:00,0,0
Slowpoke/Conversations,ad768d1938dd31cde5622e834edc01960b5c7039,2018-03-20 09:04:04+01:00,0,0
Slowpoke/Conversations,acdf82241536ee8ec19476a044e9a6460479241d,2018-03-23 16:59:42+01:00,0,0
Slowpoke/Conversations,a32d0c5d20cf74b0309a87a29cae7208c86c09f5,2018-03-26 05:43:01+02:00,0,0
Slowpoke/Conversations,a1b3e2d57c92e1ae55b93cb7d94294ab68b5732e,2018-03-29 14:26:04+02:00,0,0
Slowpoke/Conversations,e6d7e5f27f98ed519317708bb289ec0a18540999,2018-04-02 08:40:27+02:00,0,0
Slowpoke/Conversations,c59ee9e137a13f9c9ad772cca96ede365e6f3ed7,2018-04-03 17:53:08+02:00,0,0
Slowpoke/Conversations,41972e94eb5e76310d405857c2e877cb936c4f45,2018-04-04 20:07:08+02:00,0,0
Slowpoke/Conversations,ceac60218568b0e01761801de3258decb542b51b,2018-04-05 07:40:41+02:00,0,0
Slowpoke/Conversations,829ab885fdd083712345716290007344b4dfd3b8,2018-04-06 13:24:57+02:00,0,0
Slowpoke/Conversations,14f9a51b8b71471a94976ee04d3b41f92704d207,2018-04-11 09:04:16+02:00,0,0
Slowpoke/Conversations,edfe4a0ccddef72056ffb235007e82d11ca88b57,2018-04-11 09:26:56+02:00,0,0
Slowpoke/Conversations,7fd25abea2b8c9a95eeabb8c4de7233789e9a1f4,2018-04-12 08:55:50+02:00,0,0
Slowpoke/Conversations,1615aeff878dd1f36f2fa62ac4e22549a190772a,2018-04-20 11:32:50+02:00,0,0
Slowpoke/Conversations,5e1bbea5f023513c142f92de2ac33eafd264dd98,2018-04-20 17:54:30+02:00,0,0
Slowpoke/Conversations,2992ba647dbb4c36f4b569689e4e401f68e3988e,2018-04-21 18:55:16+02:00,0,0
Slowpoke/Conversations,fc62cbbc5293b4dfe35b2d7d1bd8db8f4e3d3dc6,2018-04-21 19:35:25+02:00,0,0
Slowpoke/Conversations,1118c4450b4b14976c08c0d09c3860f4c47d8af3,2018-04-21 20:38:14+02:00,0,0
Slowpoke/Conversations,2a9413e64da9193123f5dae62565a4f172d04870,2018-04-22 11:07:00+02:00,0,0
Slowpoke/Conversations,2f974c3eb2f71d31e046717e5ffbcd36e38ef3be,2018-04-22 20:31:37+02:00,0,0
Slowpoke/Conversations,bb37401028a543a7ceec76de828f36b8aba0805f,2018-04-24 12:31:37+02:00,0,0
Slowpoke/Conversations,4bbbf86f7676f809a35732c71c01c305e0d5592d,2018-04-26 10:40:29+02:00,0,0
Slowpoke/Conversations,120f7453e5d032ba6bbfbfb4295018eeb89b3904,2018-04-26 21:21:00+02:00,0,0
Slowpoke/Conversations,59b5dece967bfab55bfd1e503bbad0e92671f245,2018-04-27 14:50:27+02:00,0,0
Slowpoke/Conversations,d0c88e629394c9efbd45e1842de71e6cfee2ffeb,2018-04-29 09:33:20+02:00,0,0
Slowpoke/Conversations,27f31446c07b6012f5e398b7fe061ce81800541b,2018-04-30 17:09:55+02:00,0,0
Slowpoke/Conversations,d3b20544c96b19a3710519ab343a825f488c6e39,2018-05-01 17:35:29+02:00,0,0
Slowpoke/Conversations,157d6447502bb0fcd0ba94cdaef3d5925845f89a,2018-05-03 14:54:22+02:00,0,0
Slowpoke/Conversations,6fe5c5e770dd10b55c2fc1b1651a5c8b91f5c081,2018-05-03 15:38:48+02:00,0,0
Slowpoke/Conversations,756c1a10049a59b8482a53a92e2277fe85420e8e,2018-05-03 17:01:16+02:00,0,0
Slowpoke/Conversations,96224c0fc69460d60ac215ecd33e4cd5cf435fda,2018-05-04 10:11:24+02:00,0,0
Slowpoke/Conversations,9b73029267cc28445aac1e6d367f8057484b2d50,2018-05-04 11:39:03+02:00,0,0
Slowpoke/Conversations,77fc8d2d9e7d375079a506c621638cae873571c5,2018-05-04 12:18:31+02:00,0,0
Slowpoke/Conversations,8cd222b0465d5d92b44bee0fc227a38abb9e68e5,2018-05-04 22:07:00+02:00,0,0
Slowpoke/Conversations,ffe610f96138d5e1f8444cb23d7295a8642e706d,2018-05-09 09:07:26+02:00,0,0
Slowpoke/Conversations,be579332be40d147e581230853834572840dc32f,2018-05-17 20:17:00+02:00,0,0
Slowpoke/Conversations,fd7a5c605aa14852398c514288ab5d1971573a47,2018-05-26 10:22:40+02:00,0,0
Slowpoke/Conversations,7bcbca7aeeb3a8ab61fb21f3e8e5c43bf2e2d551,2018-06-02 12:06:01+02:00,0,0
Slowpoke/Conversations,258c7d1b3b7db8e75431116c87751dd694d5af47,2018-06-06 19:59:30+02:00,0,0
Slowpoke/Conversations,d86f0787da9177a88b5db84d8367b9f97ad35821,2018-06-07 08:09:31+02:00,0,0
Slowpoke/Conversations,37c3bdb8bfb9b02e479da6622cab9b5e2af7a2d5,2018-06-10 19:48:30+02:00,0,0
Slowpoke/Conversations,e8066debf83398eb2a00f393335b0ff6e0b04f05,2018-06-11 15:32:18+02:00,0,0
Slowpoke/Conversations,b9bdb3df554642131bd5f96fa4376c2f1914fd32,2018-06-16 18:31:55+02:00,0,0
Slowpoke/Conversations,e6532e739a83a7d5c2804e1dd75e27d14a147d2c,2018-06-22 20:25:50+02:00,0,0
Slowpoke/Conversations,0fffc7a1ac17c6e6bb5f16c707cc0002a28708f1,2018-06-24 20:54:01+02:00,0,0
Slowpoke/Conversations,6c0b977a0e6fc7e9266aed3b0c6afe81396f08b1,2018-06-25 09:25:55+02:00,0,0
Slowpoke/Conversations,d6a40a839a25a48bc198b09d7835ffaa8813d1a2,2018-06-27 17:17:31+02:00,0,0
Slowpoke/Conversations,ee3438b03a7b3015ffdca1ab9b98894bf0da1df5,2018-06-28 08:49:48+02:00,0,0
Slowpoke/Conversations,9408dd597a0d68fa0ed39bf133a0b3c518dcd8a2,2018-06-30 13:35:05+02:00,0,0
Slowpoke/Conversations,59697eb092ca58c4c6e739cc785f900eb60bce03,2018-07-06 20:16:15+02:00,0,0
Slowpoke/Conversations,48e366e4108cf509631f753dc3d16ab0ab483276,2018-07-07 11:20:39+02:00,0,0
Slowpoke/Conversations,3014b7f85790a05c62e146a79000e9e5c41dfae8,2018-07-08 20:01:39+02:00,0,0
Slowpoke/Conversations,f9c5cdee6e676afa49d9ae99d060b31e43089563,2018-07-11 13:20:06+02:00,0,0
Slowpoke/Conversations,2cc601ee36c8ef7b6b4e53b37bdae7acde378801,2018-07-16 20:42:17+02:00,0,0
Slowpoke/Conversations,a4004904fed081ac6f46c84178073900205bd325,2018-07-16 20:50:23+02:00,0,0
Slowpoke/Conversations,8f057a0c95d674976291ea50627ce268e53c0b50,2018-08-18 18:13:51+02:00,0,0
Slowpoke/Conversations,9f191f64da52f3e339c23851f78eeece241f06f9,2018-08-19 22:13:13+02:00,0,0
Slowpoke/Conversations,af724a66977aec8e5886fc1e3b9faedc11f99eb4,2018-08-29 09:33:02+02:00,0,0
Slowpoke/Conversations,f533e526fb0e841757d358e272d16aeab5cd015a,2018-09-01 16:56:20+02:00,0,0
Slowpoke/Conversations,06f37b0d2b8df7fb695c11ab54f131ffece31fec,2018-09-01 18:23:04+02:00,0,0
Slowpoke/Conversations,516b6dcc1fca641d4b5cadd26bbc6a1ae693bbf3,2018-09-02 20:54:50+02:00,0,0
Slowpoke/Conversations,11f67ac1ae8888cdac927a09275f8b757d98af45,2018-09-05 18:02:44+02:00,0,0
Slowpoke/Conversations,ac7f0032afa8a408af98984f50a120e4567d21e7,2018-09-06 22:05:15+02:00,0,0
Slowpoke/Conversations,3608b0eb44633ffae845b59e5b19fdfd8c0d96f4,2018-09-11 09:56:29+02:00,0,0
Slowpoke/Conversations,00c062a0c8a1d585ef20bf5293b656b5a13a4303,2018-09-12 14:37:41+02:00,0,0
Slowpoke/Conversations,fbc1d242ca5765dc78ce6041ae5382407bb33cfa,2018-09-12 18:43:14+02:00,0,0
Slowpoke/Conversations,724f86f054828ed29048d20698766d98329c9a15,2018-09-13 18:47:57+02:00,0,0
Slowpoke/Conversations,06972ec95c77194d42b593b3ee25685ce6f3f278,2018-09-15 19:38:45+02:00,0,0
Slowpoke/Conversations,febd9cc3e0c52442339e802f509de7c72419f79a,2018-09-16 10:07:33+02:00,0,0
Slowpoke/Conversations,4bc9713b800e67479bc20b6c0caa60c7e555ee4b,2018-09-16 16:33:21+02:00,0,0
Slowpoke/Conversations,6ede6c7f850b3401c978edc5ef764c4167388464,2018-09-18 11:33:18+02:00,0,0
Slowpoke/Conversations,23b641a6adcd639188acd3a3b44cb0c89edd007d,2018-09-24 19:47:11+02:00,0,0
Slowpoke/Conversations,9015d0a1fc5679289e838d9437508b31713f957f,2018-09-26 10:18:56+02:00,0,0
Slowpoke/Conversations,7fa8811f644b4cb7bd611b0a60bc926c7caee690,2018-10-03 11:53:02+02:00,0,0
Slowpoke/Conversations,f608fb349a3c777d65c8723d957feff89dd246f3,2018-10-03 18:14:41+02:00,0,0
Slowpoke/Conversations,a34033dea36646dc15d6e9b7a9b56a7a1e26d26a,2018-10-03 23:23:44+02:00,0,0
Slowpoke/Conversations,ce46b36c339b33538de2312942ccf2a9fe8264c0,2018-10-04 22:32:37+02:00,0,0
Slowpoke/Conversations,7aa8aba5c0f89d1b1275b6bd0b2ee84f440a013c,2018-10-06 12:48:39+02:00,0,0
Slowpoke/Conversations,fcccf545ba21c75a4438a1522f6f134a95046cc5,2018-10-06 17:15:32+03:00,0,0
Slowpoke/Conversations,58c6dbbbbed2817e6f86c14e83d2df1d866e678e,2018-10-11 00:44:17+00:00,0,0
Slowpoke/Conversations,2edab214233dc3077df7bb4d59ebb9d8a630d432,2018-10-16 12:18:25+02:00,0,0
Slowpoke/Conversations,7177c523a1b31988666b9337249a4f1d0c36f479,2018-10-19 15:39:31+02:00,0,0
Slowpoke/Conversations,584cf43b3d6753b4c80c5d72c70b659370e55954,2018-10-22 22:54:05+02:00,0,0
Slowpoke/Conversations,52ecd9347c9f9cbc3aa082b20bca60cfdadd5c3c,2018-10-23 20:57:31+02:00,0,0
Slowpoke/Conversations,60fc9852986f05f7110f912818f594751b06eafe,2018-10-24 13:54:42+02:00,0,0
Slowpoke/Conversations,d6f604a8e44ba5483d94ecf9d18347da058e37b7,2018-10-24 20:00:25+02:00,0,0
Slowpoke/Conversations,03cd176c2773b6951bd496b46658570f2fe62eea,2018-10-25 15:33:35+02:00,0,0
Slowpoke/Conversations,d8fc03b2f7e6573e7a73ab42dbb8775394ebdba7,2018-11-03 17:07:02+01:00,0,0
Slowpoke/Conversations,aca4ba981f325553edb5cc45accf219fd42e6b97,2018-11-08 20:52:57+01:00,0,0
Slowpoke/Conversations,09f9baeeef683361813ed6bfc77f90873c21ee7a,2018-11-12 20:14:06+01:00,0,0
Slowpoke/Conversations,6d678540860db8aa4c675645033cb604e44866b3,2018-11-13 09:58:28+01:00,0,0
Slowpoke/Conversations,e706912c7bdf84befb3d31101171a74b69e0ab30,2018-11-14 10:05:17+01:00,0,0
Slowpoke/Conversations,692c60ca21976d39b0fce6b89632f2c8e92eb888,2018-11-16 09:13:15+01:00,0,0
Slowpoke/Conversations,6381f8a7f7ab89f9ee6821ccfdc10a412e387139,2018-11-29 19:27:18+01:00,0,0
Slowpoke/Conversations,08529041a51ff8fc8f5e415581da0b59200e05ce,2018-12-08 19:50:13+00:00,0,0
Slowpoke/Conversations,0aeb0027201697ef3452574d6949edde66ed81ca,2019-01-04 10:10:02+01:00,0,0
Slowpoke/Conversations,394e2527771da2b3baa0cdd76f3d09e135af97fe,2019-01-10 22:09:20+01:00,0,0
Slowpoke/Conversations,91db13b01ba736ca39620d89503dd068dd5847cb,2019-01-11 18:06:11+01:00,0,0
Slowpoke/Conversations,9efb3c6dc685bf8505dbe4e6180b9c15a2133e42,2019-01-12 08:55:46+01:00,0,0
Slowpoke/Conversations,c5e35dc4b382564c3e228ea1e1588ec9289ddad4,2019-01-12 10:29:41+01:00,0,0
Slowpoke/Conversations,ba34561235f012ede369b02e496d6be4c9ffe45c,2019-01-12 14:26:33+01:00,0,0
Slowpoke/Conversations,e714d7cd29a1f435ab3b8e3b41bb7a1b3a0e3e61,2019-01-17 11:56:14+01:00,0,0
Slowpoke/Conversations,477f2d34f3a0f1a8a6181c20bfb7c47a8788bca7,2019-01-18 12:28:35+01:00,0,0
Slowpoke/Conversations,2e0db4dcdacf472f500d949cfafd83999fe13aa4,2019-01-23 12:45:15+01:00,0,0
Slowpoke/Conversations,2bc9fdf5d3ef5d46b5cc1eebed50bb759d7297d4,2019-01-27 16:35:55+01:00,0,0
Slowpoke/Conversations,8bc9f9a7c82f56c6e2760578a14e95166fccc9df,2019-01-27 18:57:41+01:00,0,0
Slowpoke/Conversations,b6a501d24bdeb0cf822b1220669c55c513745bdf,2019-02-06 23:47:29+01:00,0,0
Slowpoke/Conversations,bfaf10aa72726d11cbc2cdcaae5931c275d7fbde,2019-02-07 18:11:21+01:00,0,0
Slowpoke/Conversations,6b5e81df491bff67eb5e0661ae7f27488b47ea61,2019-02-15 14:00:42+01:00,0,0
Slowpoke/Conversations,905d2ab432139269e6b0c4e598cf667f08d1a503,2019-02-16 11:40:48+01:00,0,0
Slowpoke/Conversations,a29a5fd491fa819a14e3a19dc0bba045a2c1b6a3,2019-02-27 14:16:26+01:00,0,0
Slowpoke/Conversations,46596e865287774175518b68e5278100cea0d30b,2019-03-07 09:08:32+01:00,0,0
Slowpoke/Conversations,39bc0674059b6717cd74f4ea23c763d093dcaad4,2019-04-17 12:49:36+02:00,0,0
Slowpoke/Conversations,7a825231fbb2338ef44b86943d0fdd0c4e977b63,2019-04-17 18:25:21+02:00,0,0
Slowpoke/Conversations,9db1c10f45f59ac0bb66294d300f7d5e28ab417d,2019-04-25 19:52:42+02:00,0,0
Slowpoke/Conversations,dc70b7e28a3b81732c5fda39ac33cdd3d973b9c4,2019-04-26 12:26:49+02:00,0,0
Slowpoke/Conversations,73d66fd703c7edb2476ff0defad1608d974ff584,2019-04-30 10:45:25+02:00,0,0
Slowpoke/Conversations,6785d8c69fa4a48dc7db6d9bd3b2aae635bdc546,2019-05-08 14:11:06+02:00,0,0
Slowpoke/Conversations,e5378df39c5254b9839ee62d17d0845b234fdbc5,2019-05-22 23:58:08+02:00,0,0
Slowpoke/Conversations,9a8cc5b2e7d0aa295912e3063caf954a554c3802,2019-05-22 23:58:39+02:00,0,0
Slowpoke/Conversations,16ce476bbca12ee57608c34346d6965cefa20f30,2019-05-27 18:32:04+02:00,0,0
Slowpoke/Conversations,2fbd9e6744514cb3e4d3c99049341a95398dabbe,2019-06-16 16:02:22+02:00,0,0
Slowpoke/Conversations,9fc1ead74f7dac214f6664c25f75db530a5016ff,2019-06-16 22:57:10+02:00,0,0
Slowpoke/Conversations,4c3cd89fe777eb9f44414a107813952ca97d5e1a,2019-06-17 17:37:02+02:00,0,0
Slowpoke/Conversations,0ecdb43be6b8e2184432f277dbc7eca8cbb1c024,2019-06-30 19:54:07+02:00,0,0
Slowpoke/Conversations,feba9a71ee6bf0094829daf6e5aab03deb0d835c,2019-07-02 11:10:21+02:00,0,0
Slowpoke/Conversations,8138eb0346f170159e68f64fb14d7fa16c9a18ed,2019-07-04 18:17:13+02:00,0,0
Slowpoke/Conversations,8c654abff634d4cae0a5f947d09829968fac8c8e,2019-07-10 22:10:36+02:00,0,0
Slowpoke/Conversations,bc3e5f1dd4b27953d41ec9afad2e3e091c7a6b7d,2019-07-14 17:58:28+02:00,0,0
Slowpoke/Conversations,b68851b719d89f2f6b7746189d34ccf5d2f295a6,2019-07-15 19:11:00+02:00,0,0
Slowpoke/Conversations,0770914edf04ab9700a50cf3feeb3afacb335e9b,2019-08-16 14:09:42+02:00,0,0
Slowpoke/Conversations,fddd974412fccecbd88e1302afe77d31ab8329aa,2019-08-18 13:03:43+02:00,0,0
Slowpoke/Conversations,f11adf4c0204653e35d098e148034923f4308f6f,2019-08-19 13:55:52+02:00,0,0
Slowpoke/Conversations,7d6bd540d9b49532638687e5da8fb641a8da6e78,2019-08-29 12:14:01+02:00,0,0
Slowpoke/Conversations,10b13652647ba10ce7fd9ae201f36f229526923e,2019-09-01 20:42:07+02:00,0,0
Slowpoke/Conversations,90e669313ef12a5109228913eda0948b92b4df8e,2019-09-01 21:41:28+02:00,0,0
Slowpoke/Conversations,ff4d127b6f398927fd7e36696f7395aff2ddd6c3,2019-09-02 08:51:50+02:00,0,0
Slowpoke/Conversations,7ec1b443abe48f89e4e98bffa06bd6d814ba780e,2019-09-04 16:14:01+02:00,0,0
Slowpoke/Conversations,0e1c26c569ee909aca027bbe21e966c68fee5d7c,2019-09-05 13:17:45+02:00,0,0
Slowpoke/Conversations,e395da18bf07d73b4718c5e7a5a2bcf8e8737ae6,2019-09-12 12:43:11+02:00,0,0
Slowpoke/Conversations,d963d95e305ad7d9485912e8d33827cd37d54e61,2019-09-16 14:20:15+02:00,0,0
Slowpoke/Conversations,4c92d1b755ca6c667d6a11bf56fc1419f47cc5d5,2019-09-18 09:17:47+02:00,0,0
Slowpoke/Conversations,75d35c357e11565e21b6d9230b4938c741305da8,2019-09-22 11:39:34+02:00,0,0
Slowpoke/Conversations,f26e0720c6c50df2e50830fdfd0e47c2afec65bf,2019-09-28 02:44:00+02:00,0,0
Slowpoke/Conversations,b96ef1e59152a97c0adc03ef05ef9fe83a672ba1,2019-09-28 21:46:27+02:00,0,0
Slowpoke/Conversations,7b160a358e01403357aca0ffe5ac6907815ed9e0,2019-09-28 23:56:29+02:00,0,0
Slowpoke/Conversations,37b87e18eef256d12d1236f63309c77c8c0915bc,2019-10-01 12:24:57+02:00,0,0
Slowpoke/Conversations,6776603b90dd723f14d7acde4010597f214eb95e,2019-10-03 20:47:28+02:00,0,0
Slowpoke/Conversations,01fc78d2a5893ce3fe2fb573de7cf147a6c7eeba,2019-10-05 22:05:03+02:00,0,0
Slowpoke/Conversations,077e695f68e5aa91efe8a568e43aee7e1e416267,2019-10-07 13:38:56+02:00,0,0
Slowpoke/Conversations,e0b5010f24d55ca4c973e83fdba33760e9c7a84a,2019-10-11 15:37:41+02:00,0,0
Slowpoke/Conversations,2f59d66fd16ace3572230ab93d7106b80ee63a23,2019-10-23 22:33:51+02:00,0,0
Slowpoke/Conversations,2bed0dad127905dd0b04cdd56e3cebed5c5c6687,2019-10-26 13:23:27+02:00,0,0
Slowpoke/Conversations,ecad9cbe3cedd2029faa58053ddbdf6a231d91fa,2019-11-01 10:40:17+01:00,0,0
Slowpoke/Conversations,b320dea4d9649bd9ebe83e17b60d0763e48336f3,2019-11-08 12:18:39+01:00,0,0
Slowpoke/Conversations,aa50f8da9dd1d0759ed336faa2aae94621f6e26d,2019-11-08 14:14:28+01:00,0,0
Slowpoke/Conversations,97745bdfbec29ffbe055d0316f3ff974d4240467,2019-11-10 11:30:31+01:00,0,0
Slowpoke/Conversations,83520ad8e7b83be623d6df6b0029dd3efd0dbbbc,2019-12-02 13:50:58+01:00,0,0
Slowpoke/Conversations,b3c00d7163924b7ed26f6e40d90ea08b90945df1,2019-12-04 17:35:06+01:00,0,0
Slowpoke/Conversations,ef98a24bf6f212bb06a212e804e6a339e303b809,2019-12-12 18:54:44+01:00,0,0
Slowpoke/Conversations,5117956648b63708bfd5a2a9b69b4323cc8761e8,2019-12-20 19:10:07+01:00,0,0
Slowpoke/Conversations,42d69fd5e3d32423e3c00fa7809d6331b14c4451,2019-12-30 00:23:44+01:00,0,0
Slowpoke/Conversations,0ddfc51d6c23af91ad52526601a25ec7c2cd5de0,2020-01-05 02:22:39-08:00,0,0
Slowpoke/Conversations,9ccb5fdb463b0f5b4e22c698fec46fcb4ab7654b,2020-01-05 15:59:54+01:00,0,0
Slowpoke/Conversations,e57bd477a9fd4665d3a648877685e6f535da6db4,2020-01-09 17:39:55+01:00,0,0
Slowpoke/Conversations,581eb5556fc7f7017f841efd253885e0a4b5f2df,2020-01-18 14:14:40+01:00,0,0
Slowpoke/Conversations,9af056bb16d7294e427dce2d92944c4d12bd8d0f,2020-01-19 13:40:48+01:00,0,0
Slowpoke/Conversations,c34d40ebff7aa5cd6b3e0702c896782463cb5a3d,2020-02-14 12:04:11+01:00,0,0
Slowpoke/Conversations,0f40e7e73b0dbec2382201b6f8ace2a522797b62,2020-02-29 12:52:39+01:00,0,0
Slowpoke/Conversations,972e537ea1e14c1f2df6aa2a9a4121ca71687a27,2020-03-29 22:37:57+02:00,0,0
Slowpoke/Conversations,23ebb6ae80638b9814aac07f33596b0b063dcacd,2020-04-01 10:45:03+02:00,0,0
Slowpoke/Conversations,34f42c73bc706cc6dbea71212c9f2614fe065d2c,2020-04-01 13:25:52+02:00,0,0
Slowpoke/Conversations,43cf1783a4b6e7db845a351671a22a1146c0f1b7,2020-04-03 10:46:42+02:00,0,0
Slowpoke/Conversations,b44a3aeac6312da7097fcb1f6370d00db0c1fd58,2020-04-05 10:20:34+02:00,0,0
Slowpoke/Conversations,f264ef9f8ba1589c43a3ed276aeb4510d82def25,2020-04-05 16:12:44+02:00,0,0
Slowpoke/Conversations,885ec0febec8217bd82fe2f0232475153194ebd0,2020-04-05 17:31:48+02:00,0,0
Slowpoke/Conversations,22c755c5ce9082797d80b5f1fcb812eede9af092,2020-04-06 15:45:06+02:00,0,0
Slowpoke/Conversations,a9a35fb74bda76f68480e77dbb690dd03d7f35e5,2020-04-07 13:15:24+02:00,0,0
Slowpoke/Conversations,e2f1cec2e541501400ec1e86d976a700b06bf194,2020-04-07 21:26:51+02:00,0,0
Slowpoke/Conversations,00f273b0c058f8701fe271edb555cdb786d4802d,2020-04-08 13:30:12+02:00,0,0
Slowpoke/Conversations,845b3d8a0eab6a3cdb70e5a0b0cf3c6988d2b3ba,2020-04-09 09:29:07+02:00,0,0
Slowpoke/Conversations,268eedad8902dcbdab391395fe8d8d2d445a4ea9,2020-04-09 15:22:03+02:00,0,0
Slowpoke/Conversations,7749a7ce220b7e0e1b9b7fc508681a4713290fa2,2020-04-09 17:37:21+02:00,0,0
Slowpoke/Conversations,0302eacac1b00b9585cde5a9b86d26e55bf3506a,2020-04-10 10:35:00+02:00,0,0
Slowpoke/Conversations,2e8b91665b80823df82ecd7a9ca728e267ece26e,2020-04-10 13:13:20+02:00,0,0
Slowpoke/Conversations,7b382d2ba5ec828a786c58a4e9bd1703a3333657,2020-04-10 19:22:29+02:00,0,0
Slowpoke/Conversations,c6db651322cf069c7ea845112c140592203bb72f,2020-04-10 21:33:08+02:00,0,0
Slowpoke/Conversations,c9f7e174f79de9c7f47bc09a9666d9ef1f28cd10,2020-04-11 19:05:07+02:00,0,0
Slowpoke/Conversations,deaa76b5ca46d07a967ebfc9945f4659bbc8509f,2020-04-11 20:51:37+02:00,0,0
Slowpoke/Conversations,b20b00e77f86a16b249f16477acb6f2f1c1f9719,2020-04-14 19:35:26+02:00,0,0
Slowpoke/Conversations,17d9b02f413c057c231db058b42e34cc3b4cf0de,2020-04-15 13:21:21+02:00,0,0
Slowpoke/Conversations,01a9a5299067c846d87d24cc2ca62b06c7bdb173,2020-04-15 19:16:47+02:00,0,0
Slowpoke/Conversations,f995965deace048ec071a11708371c7ce859895b,2020-04-15 20:19:09+02:00,0,0
Slowpoke/Conversations,ec6bcec849769b8b24359f82ee09925c5c0cf096,2020-04-16 00:08:58+02:00,0,0
Slowpoke/Conversations,0a18ab35c0238c4d9fcb9f189f8a0c3147556225,2020-04-16 21:58:30+02:00,0,0
Slowpoke/Conversations,ab2681640a729ed5b134375d4d0c2ef0e767562e,2020-04-17 11:44:20+02:00,0,0
Slowpoke/Conversations,644e5aa856559173086fe27aaa1e707be6a4b25d,2020-04-17 14:33:56+02:00,0,0
Slowpoke/Conversations,48f752366b85752371b737cb19fd43fb1b45990d,2020-04-17 15:06:13+02:00,0,0
Slowpoke/Conversations,934b98d1990e5f70da1fd0cda04888db713849df,2020-04-18 17:51:21+02:00,0,0
Slowpoke/Conversations,e661d5b7ada261102bea7cbf5950a7d40f64c514,2020-04-20 12:19:34+02:00,0,0
Slowpoke/Conversations,eb911b8196400ae97c27f66b52950c15c2bf188a,2020-04-21 11:40:05+02:00,0,0
Slowpoke/Conversations,e0cb127005fac54904350f2359b573fc80a85f11,2020-04-21 22:46:46+02:00,0,0
Slowpoke/Conversations,22e93e4169e98b850df1a31d98f95d7aac289644,2020-04-22 20:23:13+02:00,0,0
Slowpoke/Conversations,d7a8519ad6d03f3c14adafea647529e8c6ac6798,2020-04-23 12:52:02+02:00,0,0
Slowpoke/Conversations,80cac3bd6973e72a8cbd11cb11bb3e7ad79f2697,2020-04-23 19:51:58+02:00,0,0
Slowpoke/Conversations,96f6ae2b4956ac69afd245f89c4dd1f6e37305a3,2020-04-23 20:11:45+02:00,0,0
Slowpoke/Conversations,4f5415ecbae26f9aa52c08c84720ab8fd5cb62d6,2020-04-24 09:41:54+02:00,0,0
Slowpoke/Conversations,07911b2094696b17c56fbe5ff6afc8dfc8326c88,2020-04-27 11:53:31+02:00,0,0
Slowpoke/Conversations,27bf871472f83d4615bd12ec2afddfd93c51721d,2020-04-28 07:30:27+02:00,0,0
Slowpoke/Conversations,0d4b1757607157492e4491a127f7700292fe6bc6,2020-04-29 08:51:38+02:00,0,0
Slowpoke/Conversations,8374df84aa7388011796feeae0bf67a976d68d67,2020-04-30 09:06:43+02:00,0,0
Slowpoke/Conversations,5aa42cda6c11b10fbb7ca14407b067c84ae004b6,2020-05-01 08:10:55+02:00,0,0
Slowpoke/Conversations,f8866d1befed562dd155ff67ab3ce640173d25c7,2020-05-01 08:40:52+02:00,0,0
Slowpoke/Conversations,7ac5e8e8287d3f1f1c7c217d206ce0da6d4b126b,2020-05-01 13:56:24+02:00,0,0
Slowpoke/Conversations,e4b906ebebe196dcabf2341a9f55a699aa39ca5d,2020-05-02 10:20:18+02:00,0,0
Slowpoke/Conversations,abb33b048a5f1b59ae9357c11061ace6271fb18c,2020-05-02 18:06:53+02:00,0,0
Slowpoke/Conversations,5a5f887229b8b1000aecf799b5a21d4587763c5c,2020-05-03 09:55:09+02:00,0,0
Slowpoke/Conversations,0ee9dbcea74ef5ef39f4c5d64eae028999fc2e24,2020-05-03 12:05:18+02:00,0,0
Slowpoke/Conversations,3c3f5d8e6ffa5c7be8995ffdcd4f66ec5cd406a7,2020-05-03 18:07:00+02:00,0,0
Slowpoke/Conversations,bd0234ba4d71d08142cafbf975db28f5891a5fb1,2020-05-08 19:34:20+02:00,0,0
Slowpoke/Conversations,6daaca496b238cc83e74f6529cb857528d411ef0,2020-05-09 09:42:33+02:00,0,0
Slowpoke/Conversations,04764eb989497c44d529fe8af9952ce42db8deec,2020-05-09 11:41:45+02:00,0,0
Slowpoke/Conversations,4d3d3a703871be4fe78a9bcdfdf954c9d7aa375b,2020-05-10 14:09:16+02:00,0,0
Slowpoke/Conversations,46579550e477360f246f3eaf9a1acf2ce6ff3cc1,2020-05-10 17:54:13+02:00,0,0
Slowpoke/Conversations,90526efbd43b1387091f2e3b622b3b137d8a0566,2020-05-11 11:08:45+02:00,0,0
Slowpoke/Conversations,2c4788b7c79398963d32d88ce5d81c020e20772e,2020-05-11 12:20:32+02:00,0,0
Slowpoke/Conversations,4dd3b0c2aa9ba8c05c3c11661b8e947bb00ffbc1,2020-05-16 12:10:26+02:00,0,0
Slowpoke/Conversations,1da490f77a14f466d7dd0a9a85fffd812e1faaf1,2020-05-16 17:51:14+02:00,0,0
Slowpoke/Conversations,22f3aac46506b28098b59a4dacdafc4ff0933ccf,2020-05-18 11:48:24+02:00,0,0
Slowpoke/Conversations,dd0f354b62639e13bd58cdbbb075caba0ebbbe9e,2020-05-19 19:36:47+02:00,0,0
Slowpoke/Conversations,304411fc096f4f5b9b0b8db36906d544baaccf0d,2020-05-20 19:40:26+02:00,0,0
Slowpoke/Conversations,a2a7256682198e03a3e66cb61eedc35bc2019d86,2020-05-21 11:13:46+02:00,0,0
Slowpoke/Conversations,88cc0977322d367e6d504d9bd488ed46ba92a7fd,2020-05-22 18:23:53+02:00,0,0
Slowpoke/Conversations,1c625e55a0765e88ecbe21207c1a68da55467934,2020-05-25 11:11:20+02:00,0,0
Slowpoke/Conversations,63ba21a5127783a96b31da1f8566df9d016b551a,2020-05-27 15:53:05+02:00,0,0
Slowpoke/Conversations,ecb9039547491f0977dcc09dd4fbcee9a0bd0d34,2020-05-29 05:24:07+00:00,0,0
Slowpoke/Conversations,3343d2665a454c750683dc55085c7a81a087aefe,2020-06-01 20:12:10+00:00,0,0
Slowpoke/Conversations,1853242c6682c863d5524be0a1ee74c2c15e519e,2020-06-07 14:59:55+02:00,0,0
Slowpoke/Conversations,7e2d87f39c683c8ca0cab1be4058e0ca1fbd6e3d,2020-06-09 21:08:27+02:00,0,0
Slowpoke/Conversations,552e17e39abe7af0faafcfc8580cb74a060716eb,2020-06-11 21:17:13+02:00,0,0
Slowpoke/Conversations,0dba9f560cdeb4248a287ccd5d7f6c2fcd9377bc,2020-06-13 08:26:32+02:00,0,0
Slowpoke/Conversations,c3b9a4dabcbc24e96e429ee4533e0e164ce48e50,2020-06-14 10:34:40+02:00,0,0
Slowpoke/Conversations,16bc210211bd8c31e1466bb3a13a4b976d852eb6,2020-06-14 11:28:25+02:00,0,0
Slowpoke/Conversations,d88f79e43630bcebc6230e45f41f59ed2e937458,2020-06-19 09:31:23+02:00,0,0
Slowpoke/Conversations,e7e04837b608b0fcf38814a14d45440e5a3ad349,2020-07-12 07:18:40+02:00,0,0
Slowpoke/Conversations,590deef8e936d8e3d200ff16e4f6165830ec6c5b,2020-07-12 09:45:27+02:00,0,0
Slowpoke/Conversations,32d55346ccd81a6474b77d974db6b2643fd9f341,2020-07-18 16:14:05+02:00,0,0
Slowpoke/Conversations,16300727d1d6e1e03a0177bd024c28d699a144e3,2020-07-21 10:19:21+02:00,0,0
Slowpoke/Conversations,f5f9075da2c22f899a91c092965270e0f31dac52,2020-07-30 12:55:19+02:00,0,0
Slowpoke/Conversations,70c10fd0de14fd2dc042d60bdc98ad10c3108d1c,2020-08-19 13:57:33+02:00,0,0
Slowpoke/Conversations,3dcb36a417ebc4b0d3e5deedf35a333376ff61a9,2020-08-31 09:03:54+02:00,0,0
Slowpoke/Conversations,ce81123112a7e112365f7e17113f464558d40b83,2020-08-31 17:12:31+02:00,0,0
Slowpoke/Conversations,f76ef17494b019fbbdc1b8852fe5e9d8eddfb3af,2020-08-31 17:30:54+02:00,0,0
Slowpoke/Conversations,23ed0ce2ad1551982a1cff8752392fdea5ca9c35,2020-09-01 11:42:00+02:00,0,0
Slowpoke/Conversations,7fb617e39a97c62cf8df2e16f3bc10546ce0c742,2020-09-02 10:14:00+02:00,0,0
Slowpoke/Conversations,0c563134daf0c69f877960e8e9087b5193a9a183,2020-10-04 14:48:08+01:00,0,0
Slowpoke/Conversations,364502d1a3def0e8895c463b72c8f48e45508214,2020-10-04 15:02:55+01:00,0,0
Slowpoke/Conversations,00e1a93014d0a50a17ebc39a5ff23975fef773b2,2020-12-01 22:39:56+01:00,0,0
Slowpoke/Conversations,849968107eee1421d5d055bcf746c153b5303744,2020-12-08 07:08:56+01:00,0,0
Slowpoke/Conversations,e38aa30a847cd100084e28749c98a6e1df76e490,2020-12-11 11:05:08+01:00,0,0
Slowpoke/Conversations,39229c34f6119d2233bdb4dc013cd8677329eef8,2020-12-18 21:18:09+01:00,0,0
Slowpoke/Conversations,b4db2e528436c5e5f08be181cc2e9168179adfd9,2020-12-22 14:30:54+01:00,0,0
Slowpoke/Conversations,17c697eed9563b50b48055919fc3c47a86ceb3c0,2020-12-26 20:32:04+01:00,0,0
Slowpoke/Conversations,69dca53bf36366f47e9d500d2fe9edec5f2103c4,2021-01-03 16:17:33+01:00,0,0
Slowpoke/Conversations,619af9c6c5ac871a1863865a9f566df565953410,2021-01-23 18:42:34+01:00,0,0
Slowpoke/Conversations,1068f16473fb2057c42ec2f66b840f2b0cde0535,2021-01-24 08:29:38+01:00,0,0
Slowpoke/Conversations,8e57a7622cc6f640c8b112e1abd6e34bd4c8337d,2021-01-26 08:34:42+01:00,0,0
Slowpoke/Conversations,4a9dfb95671ddc0202e0e7f0448a26b4a200940b,2021-01-28 17:49:34+01:00,0,0
Slowpoke/Conversations,53a038d90ebe5937405b2a58360c81b9b87e935a,2021-01-30 01:47:03+01:00,0,0
Slowpoke/Conversations,156c4da2b31d91a725644dbd2d82bb1a276a9a68,2021-01-30 17:56:54-08:00,0,0
Slowpoke/Conversations,358c70828f62b72a86f90a4ef9b19531f9e94413,2021-01-31 10:13:20+01:00,0,0
Slowpoke/Conversations,b76b60df5cf5c530087431744bf9c8c3d4cdb635,2021-02-04 11:15:59+01:00,0,0
Slowpoke/Conversations,7330d8a7f0925965f1b0b100ed3d403dfdd7557b,2021-02-11 16:56:57+01:00,0,0
Slowpoke/Conversations,6cab0ad496cc9b025b1631c616f11c3869ccd6eb,2021-02-12 10:35:13+01:00,0,0
Slowpoke/Conversations,72e268e6b169b8429cc5d18b2df8b4f22bc52376,2021-02-18 09:36:51+01:00,0,0
Slowpoke/Conversations,53da64b7e2af6349c0796acefae0cbcaf7371e53,2021-02-19 15:30:55+01:00,0,0
Slowpoke/Conversations,24f2f525128ed353349efb9564d85c3676be6f4b,2021-02-22 09:24:41+01:00,0,0
Slowpoke/Conversations,d889c02a0a4c2433dcea3507631530493a6fe665,2021-02-24 11:05:11+01:00,0,0
Slowpoke/Conversations,ef24d2050bcad1d9497a337d1c95cafde63250d2,2021-02-26 11:06:03-05:00,0,0
Slowpoke/Conversations,3ee70b1d4834a7e805bd48fee0307bf8721ae29d,2021-03-03 09:41:05+01:00,0,0
Slowpoke/Conversations,0fa06d65b59f13bae8174e85186fa1d66f464c1b,2021-03-07 09:59:09+01:00,0,0
